
DROP TABLE IF EXISTS `sys_intelligent_guide_department`;
CREATE TABLE `sys_intelligent_guide_department` (
  `id` int(11) NOT NULL AUTO_INCREMENT,
  `name` varchar(50) DEFAULT NULL,
  `describe` varchar(500) DEFAULT NULL COMMENT '描述',
  `photoPath` varchar(255) DEFAULT NULL COMMENT '图片路径',
  `relatedDiseases` varchar(255) DEFAULT NULL COMMENT '相关疾病',
  `departmentType` int(11) DEFAULT NULL COMMENT '科室类型：1非手术科室；2手术科室；3诊断相关科室',
  `suggest_hospital1` varchar(255) DEFAULT NULL,
  `suggest_hospital2` varchar(255) DEFAULT NULL,
  `suggest_hospital3` varchar(255) DEFAULT NULL,
  PRIMARY KEY (`id`)
)

INSERT INTO `sys_intelligent_guide_department` VALUES ('973', '骨外科', '骨外科是医疗机构的一个诊疗科目，是创伤、脊柱外科的总称，是以诊疗各种类型断指、断掌、多指离断的再植、各种类型皮瓣移植、神经修复术、四肢先天性畸形、臂丛神经损伤及神经卡压的诊治的专业科室。', 'http://218.241.151.250/static/appimg/973.png', '急慢性软组织损伤、急慢性颈腰肌损伤、关节软组织损伤、颈椎病、腰椎病、肩周炎、网球肘、骨折、脱位等。', '2', '北京积水潭（67.3%）', '北京301医院 （17.50%）', '北京大学第一医院（ 15.20%)');
INSERT INTO `sys_intelligent_guide_department` VALUES ('974', '神经内科', '神经内科是独立的二级学科；神经系统由脑、脊髓及周围神经组成。', 'http://218.241.151.250/static/appimg/974.png', '脑血管疾病（脑梗塞、脑出血）、偏头痛、脑部炎症性疾病（脑炎、脑膜炎）、脊髓炎、癫痫、痴呆、神经系统变性病、代谢病和遗传病、三叉神经痛、坐骨神经病、周围神经病（四肢麻木、无力）及重症肌无力等。', '1', '首都医科大学宣武医院 (63.7%)', '北京天坛医院 (22.3%)', '北京301医院 (14.0%)');
INSERT INTO `sys_intelligent_guide_department` VALUES ('975', '呼吸内科', '肺结核,感冒,肺炎等呼吸内科疾病,同时为您推荐最权威的呼吸内科治疗医院,以及提供免费的呼吸内科医生在线专家在线咨询服务', 'http://218.241.151.250/static/appimg/975.png', '减压病 气胸 卡氏肺囊虫肺炎 小儿结核病 妊娠合并肺结核 肺放线菌病 休克型肺炎 淹溺', '1', '北京协和医院 (60.0%)', '中日友好医院 (25.0%)', '复旦大学附属中山医院 (15.0%)');
INSERT INTO `sys_intelligent_guide_department` VALUES ('976', '心血管内科', '心内科，即心血管内科，是各级医院大内科为了诊疗心血管血管疾病而设置的一个临床科室', 'http://218.241.151.250/static/appimg/976.png', '冠心病、高血压、心律失常、房颤、阵发性室上性心动过速、心衰、心肌炎、先天性心脏病、心肌病、房间隔缺损、风湿性心脏病、心肌梗死、心绞痛、急性感染性心内膜炎、心肌缺血。', '1', '北京阜外医院 (55.0%)', '北京安贞医院 (35%)', ' 复旦大学附属中山医院 (10.0%)');
INSERT INTO `sys_intelligent_guide_department` VALUES ('977', '泌尿外科', '泌尿外科是个比较古老的专科，有较久的历史；但同时却又是个比较新的专科。', 'http://218.241.151.250/static/appimg/977.png', '尿结石和复杂性肾结石、肾脏和膀胱肿瘤、前列腺增生和前列腺炎、睾丸附睾的炎症和肿瘤、睾丸精索鞘膜积液、各种泌尿系损伤、泌尿系先天性畸形如尿道下裂、隐睾、肾盂输尿管连接部狭窄所导致的肾积水等。', '2', '北京大学第一医院 (43.2%)', '上海仁济医院(34.7％)', '上海市第一人民医院 (22.1%)');
INSERT INTO `sys_intelligent_guide_department` VALUES ('978', '消化内科', '消化内科是研究食管、胃、小肠、大肠、肝、胆及胰腺等疾病为主要内容的临床三级学科。消化病分为胃肠病、肝病、胰胆疾病、内镜和其它疾病5个部分。', 'http://218.241.151.250/static/appimg/978.png', '急性腹痛、腹水、消化道出血、功能性便秘、食管炎、食管癌、急性胃炎、慢性胃炎、胃粘膜巨肥症、急性胃扩张、胃扭转、胃内异物、消化性溃疡等。', '1', '北京协和医院(43.0%) ', '西京医院 (28.7%)', '南京鼓楼医院 (28.3%)');
INSERT INTO `sys_intelligent_guide_department` VALUES ('979', '耳鼻喉科', '耳鼻喉科是诊断治疗耳、鼻、咽喉、及其相关头颈区域的外科学科。', 'http://218.241.151.250/static/appimg/979.png', '耳部疾病：中耳炎、耳鸣、外耳炎、耳聋、鼓膜穿孔、鼓膜修补、听力障碍；鼻部疾病：急性鼻炎、慢性鼻炎、鼻窦炎、鼻息肉、过敏鼻炎、鼻部整形；咽喉疾病：喉炎、慢性咽炎、扁桃体炎、鼾症、声带息肉、急性咽炎等。', '2', '北京同仁医院 (57.0%)', '复旦大学附属眼耳鼻喉科医院 (32.0%）', '北京301医院 (11.0%)');
INSERT INTO `sys_intelligent_guide_department` VALUES ('980', '肾内科', '肾脏病是常见病和多发病，如果恶化可以发展为尿毒症，严重危害人们健康。', 'http://218.241.151.250/static/appimg/980.png', '急性肾小球肾炎、急进性肾小球肾炎、慢性肾小球肾炎、肾病综合征、IgA肾病、间质性肾炎、肾小管酸中毒、急性肾衰竭、慢性肾衰竭、膜性肾病、系统性红斑狼疮肾炎、高血压肾损害、糖尿病肾病等', '1', '南京军区总医院 (57.3%)', '北京大学第一医院 (32.5%)', '西京医院 (10.2%）');
INSERT INTO `sys_intelligent_guide_department` VALUES ('981', '血液内科', '针对血液内科疾病的特点，就相关疾病从概述、流行病学、病因、生理病理、分型、检查、临床表现、诊断与鉴别诊断等方面做了整体的阐述，重点汇总介绍国内外最新公布的诊断标准。', 'http://218.241.151.250/static/appimg/981.png', '巨幼细胞贫血、再生障碍性贫血、再生障碍性贫血、慢性淋巴细胞白血病、恶性淋巴瘤', '1', '北京大学人民医院 （43.0%）', '北京协和医院 （29.7%）', '中国医学科学院血液学研究所血液病医院 （23.3%）');
INSERT INTO `sys_intelligent_guide_department` VALUES ('982', '变态反应科', '变态反应学是一门年轻的临床科学。随着近代科学，特别是免疫学的飞速发展，变态反应才得到应有的重视，成为近代临床医学中不可或缺的组成部分。', 'http://218.241.151.250/static/appimg/982.png', '免疫和变态反应、细胞免疫、食物变态反应、变应性血管炎、肾上腺皮质激素、过敏反应、变应性鼻窦炎和鼻息肉病、支气管哮喘、 阿司匹林耐受不良和运动性哮喘等。', '1', '北京协和医院 （51.2%）', '武汉同济医院 （25.8%）', '山东省立医院 （23.0%）');
INSERT INTO `sys_intelligent_guide_department` VALUES ('983', '急诊', '紧急救治和抢救，指在紧急情况下的治疗。它的存在保证了我们在突发疾病、意外伤害时，能在最快时间内得到专业、科学的救治。（指医院的急诊科）', 'http://218.241.151.250/static/appimg/983.png', '气管插管病人、无呼吸或无脉搏病人、急性意识障碍病人、需要采取挽救生命干预措施病人、急性意识模糊或定向力障碍、复合伤、心绞痛的病人等。这类病人应立即送入急诊抢救室。', '1', '北京安贞医院 （40.0%）', '广东省中医院 (31.7%)', '郑州大学一附院 (28.3%)');
INSERT INTO `sys_intelligent_guide_department` VALUES ('984', '内分泌科', '内分泌科是医院中一个专门治疗内分泌科疾病的地方。', 'http://218.241.151.250/static/appimg/984.png', '糖尿病、肥胖症、骨质疏松、痛风、脂质代谢紊乱以及甲状腺、垂体、肾上腺、性腺、甲状旁腺等疾病的临床诊治。', '1', '北京协和医院 (34.6％)', '上海瑞金医院 (35.0%)', '中国医科大学附属第一医院 (30.4%)');
INSERT INTO `sys_intelligent_guide_department` VALUES ('985', '普通外科', '普外科是以手术为主要方法治疗肝脏、胆道、胰腺、胃肠、肛肠、血管疾病、甲状腺和乳房的肿瘤及外伤等其它疾病的临床学科，是外科系统最大的专科。', 'http://218.241.151.250/static/appimg/985.png', '颈部疾病、乳腺疾病、腹部急症、胃肠疾病、肛管直肠疾病、肝胆胰脾疾病等。', null, '南京军区总医院 (47.0%）', '复旦大学附属中山医院 (35.0%)', '医科院肿瘤医院 (18.0%)');
INSERT INTO `sys_intelligent_guide_department` VALUES ('986', '传染科', '如有不明原因发热细菌感染性疾病病毒性肝炎肝硬化和新发再发传染病的，请立即就医。', 'http://218.241.151.250/static/appimg/986.png', '猪流感,禽流感,乙肝,性病,艾滋病,感冒,水痘,手足口病,梅毒等常见传染科疾病。', '1', '复旦大学附属华山医院 (45.0%)', '中山大学附属第三医院 (28.3%)', ' 浙江大学附属第一医院 (26.7%)');
INSERT INTO `sys_intelligent_guide_department` VALUES ('987', '神经外科', '神经外科是外科学中的一个分支，是在外科学以手术为主要治疗手段的基础上，应用独特的神经外科学研究方法，研究人体神经系统。', 'http://218.241.151.250/static/appimg/987.png', '外伤导致的脑部、脊髓等神经系统的疾病，例如脑出血出血量危及生命,车祸致脑部外伤，或脑部有肿瘤压迫需手术治疗等。', '2', '北京天坛医院(46.9%)', '复旦大学附属华山医院 (27.0%)', '首都医科大学宣武医院 (26.1%)');
INSERT INTO `sys_intelligent_guide_department` VALUES ('988', '妇产科', '妇产科是临床医学四大主要学科之一，主要研究女性生殖器官疾病的病因、病理、诊断及防治，妊娠、分娩的生理和病理变化，高危妊娠及难产的预防和诊治，女性生殖内分分泌，计划生育及妇女保健等。', 'http://218.241.151.250/static/appimg/988.png', '女性生殖器官感染、创伤、脱垂、发育畸形和子宫内膜异位症等。', '2', '复旦大学附属妇产科医院 (38.0%)', '首都医科大学附属复兴医院 (32.0%)', '北京朝阳医院(30.0%)');
INSERT INTO `sys_intelligent_guide_department` VALUES ('989', '结缔组织病', '以疏松结缔组织粘液样水肿及纤维蛋白样变性为病理基础的一组疾病。', 'http://218.241.151.250/static/appimg/989.png', '红斑狼疮、硬皮病、皮肌炎、类风湿性关节炎、结节性多动脉炎、韦格纳氏肉芽肿、巨细胞动脉炎及干燥综合征等。', '1', ' 北京协和医院 (43.0%) ', '北京301医院 （25.8%）', '北京大学第三医院 (31.2%)');
INSERT INTO `sys_intelligent_guide_department` VALUES ('990', '胸外科', '胸外科学是一门医学专科，专门研究胸腔内器官，主要指食道、肺部、纵隔病变的诊断及治疗，乳腺外科领域也被归入这个专科，其中又以肺外科和食道外科为主。', 'http://218.241.151.250/static/appimg/990.png', '发生在与生命相关的脏器，如心脏、肺脏，其治疗过程亦常影响到这些脏器功能的稳定，从而对生命造成威胁。', '2', '上海市肺科医院 （43.0%)', '医科院肿瘤医院 (30.9%)', '上海市胸科医院 (26.1%)');
INSERT INTO `sys_intelligent_guide_department` VALUES ('991', '精神科', '精神科涉及到的疾病是一组以表现在行为、心理活动上的紊乱为主的神经系统疾病。', 'http://218.241.151.250/static/appimg/991.png', '精神科疾病有脑器质性精神障碍、躯体疾病所致精神障碍、精神活性物质所致精神障碍、精神分裂症、偏执性及其他精神病性障碍等。', '1', '北京安定医院 (63.0%)', '上海市精神卫生中心( 21.0%)', '北京大学第六医院(16.0%）');
INSERT INTO `sys_intelligent_guide_department` VALUES ('992', '普外科', '普外科是以手术为主要方法治疗肝脏、胆道、胰腺、胃肠、肛肠、血管疾病、甲状腺和乳房的肿瘤及外伤等其它疾病的临床学科，是外科系统最大的专科。', 'http://218.241.151.250/static/appimg/992.png', '颈部疾病、乳腺疾病、腹部急症、胃肠疾病、肛管直肠疾病、肝胆胰脾疾病等。', '2', '南京军区总医院 (47.0%）', '复旦大学附属中山医院 (35.0%)', '医科院肿瘤医院 (18.0%)');
INSERT INTO `sys_intelligent_guide_department` VALUES ('993', '眼科', '眼科的全称是“眼病专科”。眼科是研究发生在视觉系统，包括眼球及与其相关联的组织有关疾病的学科。', 'http://218.241.151.250/static/appimg/993.png', '中心浆液性视网膜病变、干眼症、交感性眼炎、夜盲症、失明、弱视、散光、沙眼、白内障、糖尿病视网膜病变、结膜炎、老花眼、色盲、虹膜异色症、视网膜色素变性、视网膜中央动脉阻塞、视网膜脱落、近视、远视、针眼、雪盲症、霰粒肿、青光眼、飞蚊症等。', null, '北京同仁医院 (57.0%)', '北京大学第三医院 （25.0%)', '上海交通大学医学院附属第九人民医院(18.0%) ');
INSERT INTO `sys_intelligent_guide_department` VALUES ('994', '妇科', '妇科是医疗机构的一个诊疗科目，是妇产科的一个分支专业，是以诊疗女性妇科病为诊疗的专业科室，分为西医妇科与中医妇科。', 'http://218.241.151.250/static/appimg/994.png', '女性生殖系统的疾病即为妇科疾病，包括外阴疾病、阴道疾病、子宫疾病、输卵管疾病、卵巢疾病等。', null, '北京协和医院 （40.0%）', '复旦大学附属妇产科医院 (35.0%)', '上海市第一妇婴保健院 （25.0%）');
INSERT INTO `sys_intelligent_guide_department` VALUES ('996', '传染病', '传染病是由各种病原体引起的能在人与人、动物与动物或人与动物之间相互传播的一类疾病。', 'http://218.241.151.250/static/appimg/996.png', '中国目前的法定传染病有甲、乙、丙3类，共39种。', null, '复旦大学附属华山医院 (45.0%)', '中山大学附属第三医院 (28.3)', ' 浙江大学附属第一医院 (26.7%)');
INSERT INTO `sys_intelligent_guide_department` VALUES ('997', '皮肤性病科', '皮肤性病科是治疗皮肤和性病疾病的医学分支。也指综合性医院当中诊疗皮肤疾病的科室。在广义上，皮肤科还包含对头发、指（趾）甲疾病的治疗。', 'http://218.241.151.250/static/appimg/997.png', '牛皮癣、 疱疹、酒渣鼻、脓疱疮、妇科疾病、男科炎症、前列腺炎、化脓菌感染、鱼鳞病、腋臭、青春痘 、毛囊炎、斑秃脱发、雀 、汗疱疹、螨虫性皮炎、白癜风、湿疹、灰指甲、硬皮病、皮肤瘙痒等。', '1', '北京地坛医院（41.5%）', '江西省皮肤病专科医院 （30.0%）', '广东省皮肤病医院（28.5%）');
INSERT INTO `sys_intelligent_guide_department` VALUES ('998', '心内科', '心内科，即心血管内科，是各级医院大内科为了诊疗心血管血管疾病而设置的一个临床科室。', 'http://218.241.151.250/static/appimg/998.png', '冠心病、高血压、心律失常、房颤、阵发性室上性心动过速、心衰、心肌炎、先天性心脏病、心肌病、房间隔缺损、风湿性心脏病、心肌梗死、心绞痛、急性感染性心内膜炎、心肌缺血。', null, '北京阜外医院 (55.0%)', '北京安贞医院 (35%)', ' 复旦大学附属中山医院 (10.0%)');
INSERT INTO `sys_intelligent_guide_department` VALUES ('999', '移植科', '移植科主要', 'http://218.241.151.250/static/appimg/999.png', '在肝脏肾脏心脏胰腺甲状旁腺小肠及腹部多器官移植等。', null, '武汉同济医院 (35.0%)', '天津市第一中心医院 (34.6％)', '武警总医院(30.4%)');
INSERT INTO `sys_intelligent_guide_department` VALUES ('1001', '骨科', '骨外科是医疗机构的一个诊疗科目，是创伤、脊柱外科的总称，是以诊疗各种类型断指、断掌、多指离断的再植、各种类型皮瓣移植、神经修复术、四肢先天性畸形、臂丛神经损伤及神经卡压的诊治的专业科室。', 'http://218.241.151.250/static/appimg/1001.png', '', null, '北京积水潭（67.3%）', '北京301医院 （17.50%）', '北京大学第一医院（ 15.20%)');
INSERT INTO `sys_intelligent_guide_department` VALUES ('1002', '脑外科', '神经外科以功能外科、血管内神经外科和脑肿瘤显微外科手术为专业的学科。', 'http://218.241.151.250/static/appimg/1002.png', '脑血栓、脑震荡、脑梗塞、脑出血、脑栓塞、丘脑下部损伤、迁延性昏迷、脑室内出血、脑脊液漏、上皮样囊肿、肌营养不良症、神经胶质瘤、脑挫裂伤、颅骨骨髓炎、颈椎椎弓裂、颈椎过伸性损伤、急性和亚急性硬脑膜下血肿、基底节血肿、颈椎后纵韧带骨化症。', null, '北京天坛医院(46.9%)', '复旦大学附属华山医院 (27.0%)', '首都医科大学宣武医院 (26.1%)');
INSERT INTO `sys_intelligent_guide_department` VALUES ('1003', '肿瘤生物治疗科', '治疗手段在以突出生物治疗为特色的基础上将化疗、放疗有机地联合融入，在过继免疫细胞治疗、干细胞治疗(自体及异体)、肿瘤DC疫苗治疗、基因治疗等。', 'http://218.241.151.250/static/appimg/1003.png', '肺癌、肾癌、恶性黑色素瘤、卵巢癌等实体瘤的治疗。', null, '北京301医院  (40.0%)', '医科院肿瘤医院（35.0%）', '北京大学肿瘤医院(25.0%)');
INSERT INTO `sys_intelligent_guide_department` VALUES ('1004', '耳鼻咽喉科', '耳鼻喉科是诊断治疗耳、鼻、咽喉、及其相关头颈区域的外科学科。', 'http://218.241.151.250/static/appimg/1004.png', '耳部疾病：中耳炎、耳鸣、外耳炎、耳聋、鼓膜穿孔、鼓膜修补、听力障碍；鼻部疾病：急性鼻炎、慢性鼻炎、鼻窦炎、鼻息肉、过敏鼻炎、鼻部整形；咽喉疾病：喉炎、慢性咽炎、扁桃体炎、鼾症、声带息肉、急性咽炎等。', null, '北京同仁医院 (57.0%)', '复旦大学附属眼耳鼻喉科医院 (32.0%）', '北京301医院 (11.0%)');
INSERT INTO `sys_intelligent_guide_department` VALUES ('1005', '脊柱外科', '脊柱创伤、退变、肿瘤、畸形、感染等疾病的基础研究成果和临床诊治技术和疗法。', 'http://218.241.151.250/static/appimg/1005.png', '颈椎病、颈椎病、腰椎间盘出症、腰椎管狭窄症、骨质疏松症、颈椎损伤、脊柱肿瘤。', null, '北京大学第三医院 （37.0%）', '北京积水潭医院（35.0%）', '西京医院 （28.0%）');
INSERT INTO `sys_intelligent_guide_department` VALUES ('1006', '神经肿瘤外科', '神经肿瘤外科是外科学中的一个分支，是在肿瘤外科学以手术为主要治疗手段的基础上，应用独特的神经外科学研究方法，研究人体神经肿瘤。', 'http://218.241.151.250/static/appimg/1006.png', '脑半球肿瘤、髓母细胞瘤、室管膜瘤、三脑室肿瘤、松果体肿瘤、颅咽管瘤、颅底肿瘤，以及髓内肿瘤、各种椎管内和脊柱肿瘤等。', null, '浙江大学附属第一医院 (41.3%)', '中国医科大学附属第一医院 (37.0%)', '北京天坛医院(21.7%)');
INSERT INTO `sys_intelligent_guide_department` VALUES ('1007', '眼眶科', '眼眶内发生囊肿样占位病变，统称为眼眶囊肿，请及时就诊。', 'http://218.241.151.250/static/appimg/1007.png', '眼眶皮样囊肿、眼眶表皮样囊肿、眼眶黏液囊肿、眼眶寄生虫囊肿、眼眶植入性囊肿、眼眶血囊肿等', null, '', '', '');
INSERT INTO `sys_intelligent_guide_department` VALUES ('1008', '肛肠科', '肛肠科是专业研究治疗便秘、肛裂、肛瘘、肛门脓肿、肛门狭窄、肛乳头肥大、肛周湿疹、混合痔、内痔、外痔得为主的科室。', 'http://218.241.151.250/static/appimg/1008.png', '如痔疮、肛裂、肛痿、肛周脓肿、肛乳头瘤、肛隐窝炎、肛门狭窄、肛门失禁、肛门湿疣、肛门湿疹、肛门瘙痒症、肛门周围神经性皮炎、肛门接触性皮炎、肛门癣、肛门闭锁、肛管炎、耻骨直肠肌综合症等。', null, '天津市人民医院 (40.2%）', '中国医科大学附属盛京医院 (30.8%）', '南京医科大学第一附属医院 (29.0)');
INSERT INTO `sys_intelligent_guide_department` VALUES ('1009', '腹腔镜科', '腹腔镜科知识，腹腔镜与电子胃镜类似，是一种带有微型摄像头的器械，腹腔镜手术就是利用腹腔镜及其相关器械进行的手术', 'http://218.241.151.250/static/appimg/1009.png', '胆囊结石、急性腹痛、消化性溃疡、腹膜炎、肠阻塞、腹股沟疝气、胃肠道良性肿瘤、恶性肠胃道肿瘤、腹部外伤等。', null, '温州医科大学附属第一医院 (37.8%)', '医科院肿瘤医院(34.1%) ', '哈尔滨医科大学附属第二医院 (28.1%)');
INSERT INTO `sys_intelligent_guide_department` VALUES ('1010', '肿瘤科', '肿瘤内科主要从事各种良、恶性肿瘤的内科治疗；肿瘤外科提供以手术为主的综合治疗。专门的肿瘤医院的相关科室会根据不同部位再行细分', 'http://218.241.151.250/static/appimg/1010.png', '乳腺癌、肺癌、肝癌、胃癌、结肠癌、直肠癌、食管癌、胰腺癌、鼻咽癌、膀胱癌、宫颈癌、前列腺癌、卵巢癌、肾癌、甲状腺癌、淋巴瘤、白血病、子宫内膜癌、黑色素瘤、骨肉瘤。', null, '医科院肿瘤医院(40.0%) ', '天津市肿瘤医院 (34.0%)', '哈尔滨医科大学附属肿瘤医院(26.0%) ');
INSERT INTO `sys_intelligent_guide_department` VALUES ('1011', '心血管外科', '我国心血管外科萌芽于本世纪四十年代后期，至今已有半个世纪的历史。直至七十年代中期以后才得到迅速发展，部分病种的外科治疗水平达到国际先进水平。', 'http://218.241.151.250/static/appimg/1011.png', '先天性心脏病、风湿性心脏瓣膜病、冠心病外科等。', null, '北京阜外医院 (55.0%)', '北京安贞医院 (35%)', '山东省立医院 （10.0%）');
INSERT INTO `sys_intelligent_guide_department` VALUES ('1012', '腹腔科', '腹腔位于躯干腹部的腔,内衬腹膜，由体壁、横膈膜和盆底围成,其内容纳胃、肝、胆囊、脾脏、胰、肾脏、肠、阑尾、膀胱、泌尿系和妇科（子宫、附件）等其他内脏器官。', 'http://218.241.151.250/static/appimg/1012.png', '腹腔积水（心衰、缩窄性心包炎、肾衰、结核性腹膜炎，胰腺炎，肿瘤腹腔转移）、腹腔囊肿、腹腔科手术等。', null, '', '', '');
INSERT INTO `sys_intelligent_guide_department` VALUES ('1013', '风湿免疫科', '风湿免疫科', null, '风湿免疫科', null, ' 北京协和医院 (43.0%) ', '北京301医院 (31.2%)', '北京大学第三医院 （25.8%）');
INSERT INTO `sys_intelligent_guide_department` VALUES ('1014', '口腔科', null, null, null, null, '', '', '');
INSERT INTO `sys_intelligent_guide_department` VALUES ('1015', '儿科', null, null, null, null, '', '', '');

-- ----------------------------
-- Table structure for `sys_intelligent_guide_disease`
-- ----------------------------
DROP TABLE IF EXISTS `sys_intelligent_guide_disease`;
CREATE TABLE `sys_intelligent_guide_disease` (
  `id` int(11) NOT NULL AUTO_INCREMENT,
  `clinlcal_symptom` varchar(1000) DEFAULT NULL,
  `name` varchar(255) DEFAULT NULL,
  `department_id` int(11) DEFAULT NULL,
  `clinlcal_symptom2` longtext,
  `clinlcal_symptom3` longtext,
  `clinlcal_symptom4` longtext,
  `clinlcal_symptom5` longtext,
  `clinlcal_symptom6` longtext,
  `clinlcal_symptom7` longtext,
  `clinlcal_symptom8` longtext,
  PRIMARY KEY (`id`),
  KEY `FK2DDA9C7F7F20B977` (`department_id`) USING BTREE,
  CONSTRAINT `sys_intelligent_guide_disease_ibfk_1` FOREIGN KEY (`department_id`) REFERENCES `sys_intelligent_guide_department` (`id`)
) ENGINE=InnoDB AUTO_INCREMENT=443 DEFAULT CHARSET=utf8;

-- ----------------------------
-- Records of sys_intelligent_guide_disease
-- ----------------------------
INSERT INTO `sys_intelligent_guide_disease` VALUES ('1', '普通感冒：初期有咽于、咽痒或烧的感，发病同时或数小时后可有喷嚏，鼻塞，流清水样鼻涕，2～3天后变稠，可伴有咽痛、听力减退，流泪。呼吸不畅，声嘶和少许咳嗽。个别病例有低热，畏寒、头痛。检查可有鼻腔粘膜充血、水肿，有分泌物，咽部轻度充血，一般5～7天痊愈。', '急性上呼吸道感染', '975', '病毒性咽炎和喉炎：病毒性咽炎的特征是咽部发痒和灼热感，但不 剧烈。急性喉炎的特征为声嘶，讲话困难，咳嗽时喉部疼痛，常有发热，咽炎和咳嗽。体检可见喉部水肿、充血。局部淋巴结轻度肿大和触痛，可闻及喘息声。', '疱疹性咽峡炎：表现为咽痛、发热，病程约1周。检查可见咽充血， 软腭、腭垂、咽及扁桃体表面有灰白色疤疹及浅表溃疡。', '咽结膜热：表现为发热，咽痛，畏光。流泪，咽及结合膜明显充血， 病程4～6天，儿童多见。', '细菌性咽——扁桃体炎：起病急，明显咽痛、畏寒，发热，体温可 达39℃以上．检查可见咽部明显充血、扁桃体肿大、充血，表面有黄色点状渗出物，颌下淋巴结肿大、压痛，肺部无异常体征。', null, null, null);
INSERT INTO `sys_intelligent_guide_disease` VALUES ('2', '起病较急，常先有上呼吸道感染的症状，如鼻塞。喷嚏、咽痛，声 嘶等。', '急性气管一支气管炎', '975', '咳嗽、咳痰，可延续2～3周才消失，初为干咳或少许粘液性痰，以 后可转为粘液脓性或脓性痰，痰量增多，咳嗽加剧。', '伴有支气管痉挛，可出现程度不等的气促，伴胸骨后发紧感。', '全身症状轻微，仅有轻度畏寒。发热、头痛及全身酸痛等症状。', null, null, null, null);
INSERT INTO `sys_intelligent_guide_disease` VALUES ('3', '慢性咳嗽咳痰', '慢性阻塞性肺疾病', '975', '气短或呼吸困难', '喘息和胸闷', '晚期病人有体重下降、肌肉萎缩、无力、食欲减退', null, null, null, null);
INSERT INTO `sys_intelligent_guide_disease` VALUES ('4', '起病前有急性呼吸道感染史', '慢性支气管炎', '975', '常在寒冷季节发病', '咳嗽、咳痰为主，尤以晨起为著。出现过敏现象而发生喘息', null, null, null, null, null);
INSERT INTO `sys_intelligent_guide_disease` VALUES ('5', '反复发作喘息，呼吸困难，胸闷或咳嗽，有时咳嗽为唯一症状，可经治疗缓解或自行缓解', '支气管哮喘', '975', '诱发哮喘的原因：多与接触变应原。病毒感染。运动或某些刺激物有关', '部分患者起病可出现发作先兆：流清鼻涕、频繁喷嚏、鼻咽部发痒、眼部发痒、胸闷', '大多数患者发作具有昼夜节律，即夜间或清晨发作或加剧。某些哮喘具有季节规律', null, null, null, null);
INSERT INTO `sys_intelligent_guide_disease` VALUES ('6', '童年有呼吸道感染的病史，如麻疹，百日咳或支气管炎', '支气管扩张症', '975', '典型的慢性咳嗽、脓痰，与体位改变有关，痰量每天可达数百毫 升，伴厌氧菌感染者则有臭味', '反复咯血，占50％～75％，血痰至大咯血，咯血量与病情严重 程度和病变范围不一定相关', '反复肺部感染，特点为同一部位反复发生和迁延不愈', '反复肺部感染者有全身中毒症状，如间歇性发热、乏力、食欲下 降和贫血等', null, null, null);
INSERT INTO `sys_intelligent_guide_disease` VALUES ('7', '具有慢性支气管炎，阻塞性肺气肿等疾病的病史', '慢性肺源性心脏病', '975', '肺、心功能代偿期①主要是原发病（如慢支，慢阻肺）的症状及体征。②具有肺动脉高压和域右心肥大体征', '肺/心功能失代偿期①具有以上表现。②可有下呼吸道感染，Ⅱ型呼吸衰竭，右心衰竭（亦可见急性肺水肿或全心衰竭）的症状和体征', '还可见各种水电解质酸碱失衡，心律失常，上消化道出血，肝／肾损害。休克、多脏器功能损害衰竭等严重并发症', null, null, null, null);
INSERT INTO `sys_intelligent_guide_disease` VALUES ('8', '原发疾病的表现', '呼吸衰竭', '975', '缺O2和CO2潴留所致表现：①呼吸困难②紫绀③精神神经症状④血液循环系统症状', null, null, null, null, null, null);
INSERT INTO `sys_intelligent_guide_disease` VALUES ('9', '具有ARDS的高危因素', '急性肺损伤和急性呼吸窘迫综合征', '975', '进行性呼吸频数和或呼吸窘迫', '咳嗽咳痰，可有小量咯血', '烦躁、神志恍惚或淡漠', null, null, null, null);
INSERT INTO `sys_intelligent_guide_disease` VALUES ('10', '大多数起病前常有上呼吸道感染史，常有受寒、劳累诱因，老年人肺炎或有肺或全身基础疾病的肺炎起病隐匿、表现不典型', '肺炎', '975', '咳嗽、咯痰：早期为干咳，渐转有痰，痰多脓性，咯血少见，肺炎链球菌肺炎为铁锈色痰', '全身症状：绝大多数有发热和寒战，随年龄增长而减少。部分患者高热。乏力很常见。头痛、肌肉酸痛，出汗或有恶心，呕吐，厌食，腹胀，腹泻，重症患者可有嗜睡、意识障碍、惊厥等', null, null, null, null, null);
INSERT INTO `sys_intelligent_guide_disease` VALUES ('11', '起病急骤，畏寒，发热，体温可达39℃～40℃', '肺脓肿', '975', '咳嗽、咳粘液痰或粘液脓痰，初咳痰不多，7～10天后咳嗽加剧， 咳出大量脓臭痰，此时体温旋即下降', '血源性肺脓肿多先有原发灶引起的畏寒，发热，经数天至两周才出 现肺部症状', '慢性肺脓肿患者有慢性咳嗽，咳脓痰，反复咯血，常有贫血、消瘦', null, null, null, null);
INSERT INTO `sys_intelligent_guide_disease` VALUES ('12', '全身症状：午后低热、乏力、盗汗、食欲不振、体重下降。女性患者可有月经失调或闭经；病灶急剧播散时可出现高热', '肺结核', '975', '呼吸道症状：①咳嗽：多为干咳或少量粘液痰，病变范围大或支气管内膜结核时咳嗽较剧，合并感染时咳脓痰。②咯血：  约1/3的病人有不同程度的咯血。③胸痛：性质不定，固定性针刺样痛，随呼吸和咳嗽加重常提示胸膜受累。④气促：多见于广泛肺组织破坏、胸膜增厚、大量胸腔积液及并发气胸时。 ', '结核超敏感症候群：包括结核风湿性关节炎、结节性红斑、结核疱疹性结膜角膜炎', null, null, null, null, null);
INSERT INTO `sys_intelligent_guide_disease` VALUES ('13', '典型症状包括渐进性呼吸困难，干咳，有些患者可出现胸痛、喘鸣、咯血和发热，全身症状如疲倦、关节痛及体重下降等', '特发性肺纤维化', '975', null, null, null, null, null, null, null);
INSERT INTO `sys_intelligent_guide_disease` VALUES ('14', '部分患者无症状。常见主诉为疲乏、无力、体重减轻、食欲减退、低热、多汗。呼吸道症状一般较轻，可有呼吸困难、干咳、胸痛，咳血少见。其他包括重要脏器的临床表现：眼结节病可突发眼痛、羞光流泪、视物模糊。心脏可累及传导系统引起心律失常，尤其是房室传导阻滞、室性心律失常。脑结节病可导致癫痫发作，甚至猝死', '结节病', '975', null, null, null, null, null, null, null);
INSERT INTO `sys_intelligent_guide_disease` VALUES ('15', '原发肿瘤引起的症状：咳嗽、咯血、哮喘梗阻引起的呼吸困难 阻塞性肺炎', '原发性支气管肺癌', '975', '原发周围型引起的症状：疼痛、咳嗽、呼吸困难、肿瘤形成空洞而发生的癌性脓疡', '由癌肿远处转移引起的症状。呼吸困难、吞咽困难，声音嘶哑、上腔静脉阻塞综合征，Horner综合征，横隔升高，运动消失等', '肺外表现：肥大性肺性骨关节病、杵状指、分泌促性激素引起男性 乳房发育。分泌肾上腺皮质样激素物引起的症状（Cushing综合征）、抗利尿激素分泌不当综合征。神经肌肉综合征、高血钙症、类癌综合征等', '骨转移、脑转移、肝转移', '胸膜转移产生胸水', null, null);
INSERT INTO `sys_intelligent_guide_disease` VALUES ('16', '年龄多在40岁以上', '肿瘤性胸腔积液', '975', '症状发生的频度依次为气促、消瘦，胸痛，乏力和纳差，体重降低，多无发热。', '胸痛多持续性，胸水增多胸痛不见减轻反而加重。', '胸水多呈血性或为草黄色后转为血性，胸水增长迅速，难于控制， 抗结核治疗无效。', '中等及大量积液体征和原发肿瘤体征及转移性体征', null, null, null);
INSERT INTO `sys_intelligent_guide_disease` VALUES ('17', '干性胸膜炎：胸痛，为剧烈针刺痛，深吸气及咳嗽明显，少数可有发热、干咳及结核中毒症状', '结核性胸膜炎', '975', '渗出性胸膜炎：     （一）急性起病，结核全身中毒症状，如发热、畏寒、出汗，乏力，纳差、盗汗等。    （二）胸痛。  （三）咳嗽：多数为阵发性刺激性干咳。  （四）呼吸困难。胸痛常于积液增多后缓解，而呼吸困难则随着胸积液的增多而加重。', null, null, null, null, null, null);
INSERT INTO `sys_intelligent_guide_disease` VALUES ('18', '原发病：肺病基础病变如肺结核、慢性阻塞性肺疾病、肺癌、肺脓肿、肺间质纤维化、胸膜粘连、肺大疱均可发生自发性气胸。', '自发性气胸', '975', '诱因：抬举重物等用力动作或咳嗽、屏气、用力大便、大笑、剧烈运动、航空、潜水作业等。睡眠中偶发', '突发一侧胸痛，呼吸困难和刺激性干咳。张力性气胸病人表情紧张、胸闷，甚至心律失常、烦躁不安、发绀、冷汗、休克等，如不及时封住，常迅速导致死亡。', null, null, null, null, null);
INSERT INTO `sys_intelligent_guide_disease` VALUES ('19', '呼吸困难及气促，尤以活动后明显；胸痛，多数为胸膜炎性胸痛或心绞痛样疼痛；晕厥，可为PTE的唯一或首发症状；烦躁不安，惊恐甚至濒死感；咯血，常为小量咯血，大咯血少见；咳嗽，心悸等。', '肺血栓栓塞症', '975', null, null, null, null, null, null, null);
INSERT INTO `sys_intelligent_guide_disease` VALUES ('20', '有肺部、邻近器官感染或手术史', '急性脓胸', '975', '突然寒战，高热，剧烈胸痛、呼吸困难和中毒症状，部分患者可发生休克。', '患侧胸腔积液的体征', null, null, null, null, null);
INSERT INTO `sys_intelligent_guide_disease` VALUES ('21', '小量出血与胃液混合，为咖啡色呕吐物；大量则呕吐鲜血，同时伴暗红色或柏油便。（注意与咯血及服中药鉴别）', '消化道出血', '978', '根据便血判断出血部位，柏油便为上消化道出血或高位小肠出血，暗红常为低位小肠或右半结肠出血，鲜红色血便常为左半结肠出血，与大便不混或排便后滴血常为直肠或肛门出血。（注意大便色泽与出血速度及肠蠕动有关）', null, null, null, null, null, null);
INSERT INTO `sys_intelligent_guide_disease` VALUES ('22', '吞咽困难，时轻时重，反食', '贲门失弛缓症', '978', '胸痛  可能原因：1）食物潴留扩张食管。2）LES压明显升高。3）食管体部出现高幅的同步性收缩。', '气道症状  夜间有反流者，常伴咳嗽、咳痰、气促、鼾音', '并发症  1）食道炎  2）食道癌', null, null, null, null);
INSERT INTO `sys_intelligent_guide_disease` VALUES ('23', '病前常有频繁而剧烈的呕吐，继之有呕血及黑便，甚至失血性休克，少数有剑突下或胸骨后痛', '贲门粘膜撕裂综合征', '978', null, null, null, null, null, null, null);
INSERT INTO `sys_intelligent_guide_disease` VALUES ('24', '临床表现 有应激因素， 激后24h出现粘膜糜烂，2－4天出现呕血及黑便，可伴上腹隐痛、灼痛、腹胀恶心呕吐，甚至晕厥或休克。', '急性应激性胃炎', '978', null, null, null, null, null, null, null);
INSERT INTO `sys_intelligent_guide_disease` VALUES ('25', '临床表现 症状无特异性，可有中上腹不适、隐痛、缺乏节律性，另可有消化不良症状、上腹压痛，贫血及萎缩性胃炎有相应症状体征', '慢性胃炎', '978', null, null, null, null, null, null, null);
INSERT INTO `sys_intelligent_guide_disease` VALUES ('26', '1.上腹慢性、节律性钝痛、灼痛 ', '消化性溃疡', '978', '2.发作期上腹局限性压痛。 ', ' 3.并发症1）出血：呕叶咖啡样物、黑便、甚至晕厥。2）急性穿孔：突发剧烈腹痛、腹肌紧张、压痛及反跳痛；慢性穿孔：固定的上腹剧痛放射至后背。3）幽门梗阻：呕吐宿食，胃型、蠕动波、胃区振水音。', null, null, null, null, null);
INSERT INTO `sys_intelligent_guide_disease` VALUES ('27', '临床表现 早期无症状或有消化不良症状；病情发展后有上腹痛、饱胀不适，服抗酸药症状可暂时缓解；后期疼痛明显且持续，食欲减退、体重下降、乏力、贫血，恶心呕吐，腹块、左锁骨上淋巴结肿大及受累脏器症状体征。', '胃癌', '978', null, null, null, null, null, null, null);
INSERT INTO `sys_intelligent_guide_disease` VALUES ('28', '中上腹部不适或腹痛，常有早饱、上腹胀、恶心、嗳气或食欲减退，时轻时重，部分伴有精神心理因素。', '功能性消化不良', '978', null, null, null, null, null, null, null);
INSERT INTO `sys_intelligent_guide_disease` VALUES ('29', '1.多有不洁饮食史 ', '急性肠炎 ', '978', '2.发热', '3.腹泻  每天3－4次，多者十余次，大便多呈水样', '4.腹痛  脐周痛，便后无明显缓解', '5.可伴呕吐、脱水', null, null, null);
INSERT INTO `sys_intelligent_guide_disease` VALUES ('30', '1.腹胀、腹痛  持续性疼痛伴陈发性加剧，以上腹和脐周为著，甚至全腹', '急性出血坏死性小肠炎', '978', '2.恶心、呕吐  呕吐物为胃内容物、胆汁、咖啡样或血水样物。', '3.腹泻、便血（本病特点）  腹泻每天数次至十余次，初为糊状，渐至黄水便、最后转为血水便甚至鲜血便或暗红色血块，可有脱落粘膜、组织、恶臭。', '4.全身中毒症状  寒颤、发热（38－39℃），重者很快出现中毒性休克。', '5.腹部体征  明显腹胀、压痛、可有反跳痛，有腹水时移动性浊音（＋）。肠鸣音减弱或消失，可能出现麻痹性肠梗阻。', null, null, null);
INSERT INTO `sys_intelligent_guide_disease` VALUES ('31', '腹痛  多于右下腹，进餐诱发', '肠结核', '978', '腹泻、便秘  交替出现，左半结肠受累时可有脓血便。', '腹部肿块  主要见于增殖型肠结核，常于右下腹，相对固定、偏硬、压痛。', '呕吐  结核性小肠狭窄或肠系膜淋巴结核压迫十二指肠第二、三段致肠梗阻。时有反射性呕吐。', '全身结核中毒症状', '并发症  肠梗阻、肠穿孔、瘘管形成或便血', null, null);
INSERT INTO `sys_intelligent_guide_disease` VALUES ('32', '腹痛  常于右下腹，餐后发生，排便后无明显缓解，持续性腹痛和明显压痛明波及腹膜或腹腔内脓肿形成', '克罗恩病', '978', '腹泻  初为间歇、后为持续，多无脓血或粘液，病变波及左半结肠时可有。', '腹部包块  右下腹与脐周多见，边不清、质中、固定、有压痛', '全身症状  间歇性发热、乏力、消瘦、贫血、低蛋白血症、维生素缺乏', '肠外表现  关节炎、结节性红斑、口腔溃疡、慢性活动性肝炎、血管炎', '并发症  肠梗阻、瘘管形成、腹腔内脓肿、肛周脓肿、中毒性巨结肠、急性穿孔、大量便血', null, null);
INSERT INTO `sys_intelligent_guide_disease` VALUES ('33', '腹泻  多为沾液血便，常有里急后重', '溃疡性结肠炎', '978', '腹痛  一般在左下腹或下腹，常为阵发性痉挛性疼痛，多于便前或餐后发生，有腹痛－便意－便后缓解规律。', '全身症状  急性  以作期有发热；有上腹不适、嗳气、恶心、消瘦、贫血、水电解质紊乱、低蛋白血症等', '肠外表现  关节炎等，较克罗恩病发生率低。', '并发症  大量便血，肠穿孔、肠管狭窄、中毒性结肠扩张，少数可癌变。', null, null, null);
INSERT INTO `sys_intelligent_guide_disease` VALUES ('34', '腹痛  为慢性、部位不确定、性质多样，常在进餐后发生，排便后完全缓解，清醒时发生，无夜间痛醒', '肠易激综合征', '978', '排便异常  腹泻、便秘，或腹泻与便秘交替，腹泻时可有粘液但无脓血。', '其他表现  腹胀、食欲不振、早饱、胃灼热、嗳气；失眠、心慌、头晕、头痛、乏力；焦虑或抑郁', null, null, null, null, null);
INSERT INTO `sys_intelligent_guide_disease` VALUES ('35', '腹痛  中上腹及左上腹痛，向腰背放射，进食加剧，一般解痉剂不能缓解；腹腔有渗液时可弥漫全腹痛。', '急性胰腺炎', '978', '恶心、呕吐  呕吐不能使疼痛缓解。', '发热  中热3－5天，若持续不退可能继发感染。', '黄疸', '低血压或休克', '体征  上腹压痛伴肌紧张和反跳痛、腹胀和肠鸣音减少甚至消失，偶有血性', null, null);
INSERT INTO `sys_intelligent_guide_disease` VALUES ('36', '皮肤呈暗黄或绿褐色', '梗阻性黄疸', '978', '粪色变淡或呈陶土色', '脂肪泻、皮肤黄色 疣 、 出血倾向 、 骨质疏松等', null, null, null, null, null);
INSERT INTO `sys_intelligent_guide_disease` VALUES ('37', '原发病的表现  门脉高压症90%为肝硬化引起，而肝硬化患者常有疲倦、乏力、食欲减退、消瘦，10%～20%患者有腹泻。可见皮肤晦暗乃至黝黑或轻度黄疸，皮下或黏膜出血点，蜘蛛痣，肝掌，脾大及内分泌紊乱表现，如性功能低下、月经不调(闭经或过多等)和男性乳房发育等。', '食管胃底静脉曲张及其破裂出血', '978', '门脉高压症表现  有腹水和水肿、腹壁静脉曲张和痔静脉曲张以及脾大。', '出血及其继发影响  肝硬化患者牙龈、皮下及黏膜出血是常见的症状。', null, null, null, null, null);
INSERT INTO `sys_intelligent_guide_disease` VALUES ('38', '消化功能障碍，致食欲减 \n\n肝功能异常\n退、厌油、恶心、呕吐等;肝细胞损害，致血清转氨酶等酶类增高，而胆碱脂酶降低，可致乏力、易倦、思睡等;胆色素代谢异常，可致黄疸;糖代谢障碍，可致血脂含量改变，胆固醇合成及酯化能力降低;', '肝功能异常', '978', '脂肪代谢障碍可形成脂肪肝;白蛋白合成障碍，严重时导致腹水、胸水等;维生素类代谢障碍，可致皮肤粗糙、夜盲、唇舌炎症、浮肿、皮肤出血、骨质疏松等;凝血因子合成障碍，可致牙龈出血、鼻出血等;激素代谢异常，可致性欲减退、月经失调、皮肤小动脉扩张，出现蜘蛛痣、肝掌、脸色黝黑等。', null, null, null, null, null, null);
INSERT INTO `sys_intelligent_guide_disease` VALUES ('39', '由于全身性或局部性因素的作用，致使液体从血管与淋巴管内渗入或漏入腹腔而出现腹水。低蛋白血症、钠和水潴留、抗利尿激素与醛固酮等灭活功能降低、门静脉高压、肝静脉阻塞、腹膜炎症及恶性肿瘤均为引起腹水的重要因素。腹水的相关症状　患者有少量腹水〔300～500毫升（ml）〕时，可无明显不适而不易被觉察；有中等量腹水（500～3000mL）时，自觉腹胀，呈膨隆的腹部外形，体检时可有移动性浊音；有大量腹水(3000mL以上)时，可表现为呼吸困难及下肢浮肿。不同疾病引起的腹水常表现出不同的伴随症状，如发热、黄疸、贫血、肝脾脏肿大、心力衰竭等症状和体征。', '腹水', '978', null, null, null, null, null, null, null);
INSERT INTO `sys_intelligent_guide_disease` VALUES ('40', '主要表现为上腹部疼痛、恶心。呕吐，常伴有其他消化不良症状，如腹胀、嗳气、反酸等。有时酷似十二指肠球部溃疡，呈周期性、节律性上腹疼痛，空腹胃痛，食物或制酸药可以缓解，并反复有黑便或呕吐咖啡样液，但多自动止血。也有部分患者可无任何症状。\n上腹部轻度压痛，部分患者可有舌炎、贫血和消瘦等。', '十二指肠炎', '978', null, null, null, null, null, null, null);
INSERT INTO `sys_intelligent_guide_disease` VALUES ('41', '左心衰竭：①劳力性呼吸困难。轻者仅在劳动时发生，或表现为阵发性夜间呼吸困难；重者休息时也有呼吸困难，甚至出现端坐呼吸。②可有咳嗽及咯血。③乏力、倦怠、心悸，严重脑缺氧时，可出现嗜睡、烦躁、意识丧失等', '慢性心力衰竭', '976', '右心衰竭：症状：食欲不振、恶心、呕吐、上腹胀痛等', null, null, null, null, null, null);
INSERT INTO `sys_intelligent_guide_disease` VALUES ('42', '症状：突感胸闷、呼吸困难，被迫端坐，咳嗽，咯出大量粉红色泡沫样痰，严重者可有大量泡沫样液体由口鼻涌出。', '急性心力衰竭', '976', null, null, null, null, null, null, null);
INSERT INTO `sys_intelligent_guide_disease` VALUES ('43', '症状：劳累性呼吸困难、阵发性夜间呼吸困难、端坐呼吸是左室舒张功能障碍所致心力衰竭的主要表现。早期可有活动后气短、乏力，严重时可表现为急性肺水肿。舒张功能衰竭可与收缩功能衰竭同时存在，故症状对诊断的特异性不高', '舒张期心功能衰竭', '976', null, null, null, null, null, null, null);
INSERT INTO `sys_intelligent_guide_disease` VALUES ('44', '呈阵发性发作，骤发骤停。心率160～220次/分，律齐。患者感心悸、胸闷或头晕，长时间发作时血压可下降，原有心脏病者可诱发心力衰竭或心绞痛。', '阵发性室上性心动过速', '976', null, null, null, null, null, null, null);
INSERT INTO `sys_intelligent_guide_disease` VALUES ('45', '骤发骤停，心率150～200次/分，心律大致规则，第一心音强弱不等。常有血压下降、头晕，甚至心绞痛、心衰、心源性休克或阿一斯综合征', '阵发性室性心动过速 ', '976', null, null, null, null, null, null, null);
INSERT INTO `sys_intelligent_guide_disease` VALUES ('46', ' 患者常觉心悸，心前区不适。心功能不全者常致心衰加重。心房扑动呈2:1、3:1或4:l传导时，心律可规则，室率70～100次/分，但运动后心率可成倍增加。心房颤动心律不规则，心音强弱不等，有绌脉。', '心房扑动与颤动', '976', null, null, null, null, null, null, null);
INSERT INTO `sys_intelligent_guide_disease` VALUES ('47', '早期多无症状，狭窄程度加重，可出现夜间阵发性或劳力性呼吸困难，严重者出现急性肺水肿。患者可有咳嗽及咳血，易并发肺部感染。肺阻性充血引起肺小动脉痉挛，肺动脉高压，右心室代偿性肥厚，日久可产生右心衰竭，有腹胀、浮肿和尿少，此时呼吸困难反有减轻，若有肺小动脉硬化，呼吸困难及紫绀仍存在', '二尖瓣狭窄', '976', null, null, null, null, null, null, null);
INSERT INTO `sys_intelligent_guide_disease` VALUES ('48', '风湿性者多为慢性过程，早期无肺阻性充血，患者可较长期无明显症状，一旦出现症状，则逐渐恶化，可有呼吸困难、易疲乏、头昏、心悸等症状，继左心衰竭之后，肺动脉压增高，最终可产生右心衰竭、栓塞现象，心房纤颤较二尖瓣狭窄为少见，较易并发感染性心内膜炎。急性二尖瓣关闭不全由于急性左室扩张，左房压增加，肺充血，可产生急性左心衰竭。', '二尖瓣关闭不全 ', '976', null, null, null, null, null, null, null);
INSERT INTO `sys_intelligent_guide_disease` VALUES ('49', '症状  主动脉瓣狭窄较轻时，可长期无症状，重者有疲乏、心悸、活动后呼吸困难，后期可有晕厥、心绞痛、左心衰竭，可发生猝死，部分患者易合并感染性心内膜炎或心律失常。主动脉瓣纤维化或钙化波及瓣环及室间隔可有传导阻滞', '主动脉瓣狭窄', '976', null, null, null, null, null, null, null);
INSERT INTO `sys_intelligent_guide_disease` VALUES ('50', '大多为慢性过程，可较长期无症状，若关闭不全明显或在晚期由于其它诱因导致左室负荷加重，可出现运动性呼吸困难、心悸、心绞痛或脑与其它脏器供血不足的表现。易并发感染性心内膜炎。急性者多由于瓣叶破裂或穿孔，夹层动脉瘤所致急性瓣环扩张，左室容量突然增加，室壁张力增加，左室扩张，产生急性左心衰竭', '主动脉瓣关闭不全', '976', null, null, null, null, null, null, null);
INSERT INTO `sys_intelligent_guide_disease` VALUES ('51', '胸部隐痛或钝痛，10%有典型心绞痛。头晕或晕厥，四肢无力。心腔内附壁血栓脱落可致脑、肺、肾、四肢等动脉栓塞。常有各种心律失常而致心慌，亦有因之猝死者。病变发展出现左、右侧心力衰竭，心慌，气短，肝大，浮肿。重症患者血压降低，脉压小。心力衰竭时可有血压升高。', '扩张型心肌病 ', '976', null, null, null, null, null, null, null);
INSERT INTO `sys_intelligent_guide_disease` VALUES ('52', '多在30～40岁出现。呼吸困难较常见。劳力性心绞痛，持续时间长，硝酸甘油无效，甚而可致梗阻加重。劳力时有发生头晕或晕厥者，与脑供血不足有关。常见各种心律失常，恶性室性心律失常可致猝死。晚期发生心力衰竭', '肥厚型心肌病', '976', null, null, null, null, null, null, null);
INSERT INTO `sys_intelligent_guide_disease` VALUES ('53', '症状  病变局限在右心室者，肝脏肿大，腹水，下肢浮肿，颈静脉怒张。局限在左心室者，心慌、气短、头晕、乏力。病变亦可同时或先后累及双侧心室。心尖搏动减弱，心界扩大。心率加快，心音弱。二尖瓣或三尖瓣听诊区可闻收缩期杂音，可有奇脉。', '限制型心肌病', '976', null, null, null, null, null, null, null);
INSERT INTO `sys_intelligent_guide_disease` VALUES ('54', '纤维蛋白性心包炎：①心前区、胸骨或剑突下痛为主要表现。可为轻度不适、压迫感或尖锐的剧痛，疼痛可向斜方肌边缘、左肩、臂、背部放射，咳嗽、深呼吸及平卧位时加剧，前俯位时可缓解。③常有发热、气急、干咳等。③心包摩擦音为重要体征，在胸骨左缘第3～4肋问最清楚，前俯坐位时易听到。', '急性心包炎', '976', '渗出性心包炎：因心脏及邻近脏器受挤压常有：①心前区不适、呼吸困难、咳嗽、恶心、上腹胀痛、声音嘶哑和吞咽困难等。②体征视积液多少而不同。心尖搏动减弱或消失。心浊音界向两侧扩大，相对浊音界消失。心率快、心音弱而遥远。大量积液时，左肩胛下叩诊呈浊音，语颤增强，可闻及管状呼吸音（Ewart’s征）。脉弱，有奇脉。收缩压下降，脉压小。亚急性或慢性心包炎可出现颈静脉怒张、肝颈回流阳性、肝大、皮下水肿和腹水等。 ', '急性心包填塞：由于大量的心包积液，使心室舒张受阻，心排血量降低，或者量虽不多但增长迅速的积液，心脏来不及代偿所致。临床表现为急性循环衰竭，如血压下降、心率增快、呼吸困难、紫绀、面色苍白、出汗、颈静脉怒张等。', null, null, null, null, null);
INSERT INTO `sys_intelligent_guide_disease` VALUES ('55', '病史及症状  ①常于急性心包炎后数月至数年发生。部分病人无急性心包炎病史。②可有乏力、呼吸困难、咳嗽、腹胀、上腹痛、纳差、肝区痛等症状', '缩窄性心包炎', '976', null, null, null, null, null, null, null);
INSERT INTO `sys_intelligent_guide_disease` VALUES ('56', '缓进型高血压病：起病隐匿，病程进展缓慢。早期很少有症状，往往体检时才被发现。常见表现有：①头晕、头痛、头胀、耳鸣、眼花、失眠和颈项板紧。视网膜可见动脉痉挛、变细、动脉和静脉交叉压迫、渗出、出血或视神经乳头水肿。在高血压病病程中，由于全身细小动脉一时性强烈痉挛，血压可急剧增高并出现剧烈头痛、头昏、恶心、呕吐、心悸、多汗、口干、面色苍白或潮红、视力模糊、手足颤动等表现，此称为高血压危象。有些患者脑血管严重而持久的痉挛，引起脑血液循环急性障碍，除血压突然显著升高外，伴有剧烈头痛、呕吐、黑矇、烦躁、抽搐、昏迷和视神经乳头水肿，此称为高血压脑病。②疾病早期心悸气短不明显。长期高血压可出现心肌肥厚和心脏增大，心尖呈抬举样搏动，心界向左下扩大，主动脉瓣区第二心音亢进，可呈金属音，心尖部有吹风样收缩期杂音。并发心力衰竭时，除有心慌气短外，可听到舒张期奔马律，肺动脉瓣区第二心音增强。③早期无明显泌尿系统症状，当有肾功能减退时，可出现多尿、夜尿和血尿', '高血压', '976', '急进型高血压病：多见于青年和中年人，病情严重，发展迅速，常于数月至1、2年内出现严重的脑、心、肾损害。以血压显著增高、视网膜病变和肾功能衰竭为特点。某些缓进型高血压病和症状性高血压的患者，也可在病程某一阶段转变为急进型。', null, null, null, null, null, null);
INSERT INTO `sys_intelligent_guide_disease` VALUES ('57', '症状  ①劳力性心绞痛常在体力劳动．情绪激动、饱餐、寒冷时诱发，休息可使之缓解。②疼痛部位以胸骨体上段或中段的后方为多见，也可在心前区。疼痛常向左肩、左臂前内侧放射直至小指与无名指，亦有向颈部、下颌、咽部、左肩胛或上腹部放射，并伴有消化道症状。③疼痛有轻有重，轻者为压闷或紧束感，重者如绞痛有濒死感，迫使患者迅即停止活动。④疼痛一般持续1～5分钟自行缓解，偶有持续15分钟。休息或舌下含硝酸甘油数分钟后亦可终止发作。 ', '心绞痛', '976', null, null, null, null, null, null, null);
INSERT INTO `sys_intelligent_guide_disease` VALUES ('58', '出现下述表现时，要警惕心肌梗塞的发生  ①突发较以往为剧烈而频繁、持久的心绞痛。②中年以上或老年人突发上腹部剧痛，恶心、呕吐、急性心力衰竭或严重心律失常，心电图出现ST段一时性抬高或降低．T波高大或明显倒置。 ', '心肌梗塞', '976', null, null, null, null, null, null, null);
INSERT INTO `sys_intelligent_guide_disease` VALUES ('59', '常见于老年男性，有明确的冠心病史，多有1次以上的心肌梗死史，病程中有反复发作的心绞痛史。', '缺血性心肌病 ', '976', '有心脏扩大和心力衰竭的临床表现。多先有左心心力衰竭症状，如劳力性呼吸困难、咳嗽、夜间阵发性呼吸困难或端坐呼吸，以后发展至全心心力衰竭。体检心脏普大但以左室扩大为主，并有因心腔扩大所致的瓣膜反流性杂音。双肺可闻湿啰音。', '胸部X线片示心脏普大型，以左室扩大为主，心脏搏动减弱和肺淤血征象。心电图可出现病理性Q波以及缺血性sT-T改变，并可出现各种心律失常。超声心动图示心腔扩大，室壁运动呈多节段性减弱、消失或僵硬，左室射血分数下降。放射性核素检查示心腔扩大、射血分数降低以及多节段心肌灌注缺损。', '冠状动脉造影示多支冠状动脉病变', '排除冠心病的某些并发症如室间隔穿孔、室壁瘤和乳头肌功能不全等以及其它心脏病所致的心脏扩大和心功能不全', null, null, null);
INSERT INTO `sys_intelligent_guide_disease` VALUES ('60', '短暂发作可仅有黑矇头晕，持续时间较长则可引起阿-斯综合征。', '扭转型室性心动过速', '976', null, null, null, null, null, null, null);
INSERT INTO `sys_intelligent_guide_disease` VALUES ('61', '1．上呼吸道或皮肤感染史。      2．尿量和尿色的变化，有无泡沫尿。     3．水肿部位、程度和性质。     4．高血压病史。      5．全身表现，如疲乏、厌食、嗜睡、头晕、腰部钝痛等。     6．皮疹，关节痛，尿路刺激症。', '急性感染后肾小球肾炎', '980', null, null, null, null, null, null, null);
INSERT INTO `sys_intelligent_guide_disease` VALUES ('62', '1．尿量和尿色的变化，有无泡沫尿。     2．水肿部位，程度和性质。     3．高血压情况。      4．全身表现，如疲乏，无力，体重下降，发热，皮疹，咯血，关节痛等。     5．肾功能的演变。', '急进性肾炎', '980', null, null, null, null, null, null, null);
INSERT INTO `sys_intelligent_guide_disease` VALUES ('63', '1．浮肿：部位、严重程度、性质。     2．大量蛋白尿。      3．有、无慢性肾小球肾炎病史。      4．有、无诱发因素：感染、药物、毒素及过敏、肿瘤、家族遗传及代谢性疾病。', '肾病综合征', '980', null, null, null, null, null, null, null);
INSERT INTO `sys_intelligent_guide_disease` VALUES ('64', '1．起病方式：      （1）急性肾炎迁延不愈＞1年；     （2）隐匿起病；     （3）急性发作。      2．浮肿：性质、部位、程度。      3．尿异常：量、性状，发现尿异常时间及治疗经过。     4．有无合并症症状：高血压、贫血、肾功能损害。      5．有无诱发因素：感染、肾毒药物使用、应激、血容量不足等。      6．既往有无急、慢性肾炎，高血压，肾盂肾炎，过敏性紫癜、代谢及系统性疾病史，有无家族遗传病史。', '慢性肾小球肾炎 ', '980', null, null, null, null, null, null, null);
INSERT INTO `sys_intelligent_guide_disease` VALUES ('65', ' 1．隐匿性肾炎无明显临床症状。     2．蛋白尿出现的时间、严重程度。     3．血尿出现的时间、严重程度。     4．有无浮肿、高血压。      5．有无急、慢性肾小球肾炎病史。', '隐匿性肾炎', '980', null, null, null, null, null, null, null);
INSERT INTO `sys_intelligent_guide_disease` VALUES ('66', '1．血尿的诱因、诱因与血尿出现之间的间隔时间、血尿持续时间。     2．蛋白尿。      3．腰痛、尿量、浮肿。      4．有无肝病史、皮肤紫癜史、及红斑狼疮病史', 'IgA肾病', '980', null, null, null, null, null, null, null);
INSERT INTO `sys_intelligent_guide_disease` VALUES ('67', '1．光过敏、皮疹尤其是红斑、紫癜，发热、疲乏、脱发、口腔溃疡、多发性关节痛、浆膜炎、心肺损害、肾脏病变、抽搐及精神症状。      2．有无诱因：如阳光照射、感染、妊娠、分娩、某些药物、手术等。     3．应用激素及其免疫抑制剂情况。', '系统性红斑狼疮性肾炎', '980', null, null, null, null, null, null, null);
INSERT INTO `sys_intelligent_guide_disease` VALUES ('68', '1．高血压发病年龄、时间、缓急程度、持续时间、夜尿增多时间、蛋白尿程度、器官并发症（心、脑、肾、眼）。      2．有无恶性高血压和继发性高血压史。     3．有无服药物史、家族遗传史。 ', '高血压性肾损害', '980', null, null, null, null, null, null, null);
INSERT INTO `sys_intelligent_guide_disease` VALUES ('69', ' 1．多饮、多尿、多食、消瘦、皮肤瘙痒病史。2．糖尿病常见并发症，如动脉硬化、冠心病、视网膜病变、白内障、对称性多发性神经病变的临床表现。     3．蛋白尿。      4．浮肿部位、性质、程度。     5．贫血及营养状态。', '糖尿病肾病', '980', null, null, null, null, null, null, null);
INSERT INTO `sys_intelligent_guide_disease` VALUES ('70', '1．遗传性疾病家族史，药物毒物接触史，全身性疾病如过敏，血液病史。     2．酸中毒表现：纳差，深大呼吸等。      3．电解质紊乱表现：周期性麻痹，抽搐等。      4．骨病：骨痛，骨折，发育障碍，牙齿松动等。     5．尿石症：尿路结石，梗阻，感染，尿量变化', '肾小管酸中毒', '980', null, null, null, null, null, null, null);
INSERT INTO `sys_intelligent_guide_disease` VALUES ('71', '1．痛风性关节炎：部位、发作时间、严重程度、诱因。     2．尿路结石和皮下痛风石：尿石成份为尿酸。      3．肾脏疾病：小至中等量蛋白尿伴镜下血尿或肉眼血尿，高血压，水肿，急性尿酸性肾病可引起无尿型急性肾衰。      4．有无引起血尿酸增高的疾病：慢性肾功能衰竭，骨髓、淋巴增生性疾病，高血压，肥胖，高脂血症，妊高征，酒精中毒，应用噻嗪类利尿剂。', '尿酸性肾病', '980', null, null, null, null, null, null, null);
INSERT INTO `sys_intelligent_guide_disease` VALUES ('72', '1．尿频、尿急、尿痛等膀胱、尿道刺激症状，有无排尿困难、肉眼血尿等。     2．腰痛、腹痛或膀胱区疼痛。      3．畏寒、发热、全身乏力、食欲不振等全身症状。     4．有无结石、梗阻、尿路畸形等复杂因素。', '尿 路 感 染', '980', null, null, null, null, null, null, null);
INSERT INTO `sys_intelligent_guide_disease` VALUES ('73', '1．反复尿频、尿急、尿痛等尿路刺激症状。     2．腹部、腰部不适疼痛和／或间歇性低热。     3．多尿、夜尿、低钾、酸中毒、高血压等。     4．有无结石、尿路畸形等病史', '慢性肾盂肾炎', '980', null, null, null, null, null, null, null);
INSERT INTO `sys_intelligent_guide_disease` VALUES ('74', '1．原发病或诱因。      2．尿量的改变，尿量每天少于400ml，非少尿型病例尿量可不减少。      3．进行性氮质血症及尿毒症症状：如厌食、恶心、呕吐、贫血及神经精神症状等。', '急性肾功能衰竭', '980', null, null, null, null, null, null, null);
INSERT INTO `sys_intelligent_guide_disease` VALUES ('75', '1．原发及继发肾脏病史。     2．高血压及心血管病史。      3．脱水或水潴留及浆膜腔积液。 \n   13     4．食欲不振、厌食、恶心、呕吐、口腔尿味、消化道出血。     5．贫血程度、皮疹、出血倾向。     6．怕冷、性功能下降、月经失调。      7．精神症状，意识障碍、抽搐、周围神经痛、不自主运动，植物神经症状。 ', '慢性肾功能衰竭 ', '980', null, null, null, null, null, null, null);
INSERT INTO `sys_intelligent_guide_disease` VALUES ('76', '1．急性肾功能衰竭。     2．慢性肾功能衰竭。      3．急性药物或毒物中毒。      4．顽固水肿、电解质紊乱及酸碱平衡失调，经一般常规治疗难以在短期内收效者可以腹透。', '腹膜透析疗法', '980', null, null, null, null, null, null, null);
INSERT INTO `sys_intelligent_guide_disease` VALUES ('77', '1．急性药物或毒物中毒。      可以吸附的药物和毒物：镇静安眠药、安定药和抗精神病药，如巴比妥类、导眠酮、安定、水合氯醛、眠乐通、冬眠灵等；解热镇痛药，如水杨酸类、朴热息痛等；有机磷农药、有机氯农药、洋地黄、阿托品、百草枯、乙醇、毒蕈类等。      凡经洗胃导泻、输液、强迫利尿等抢救措施后，病情仍继续恶化者，特别是患者病情严重且伴有：      （1）脑功能障碍或已昏迷者；     （2）肝、肾功能障碍者；     （3）年迈者；      （4）药物及代谢产物与组织蛋白结合力高且有延迟性者（如有机磷农药）；     （5）服药剂量过大超过了自身清除能力的30%时或已达到中毒致死量浓度者。     以上均为紧急血液灌流的适应证。      血液灌流对非脂溶性、伴酸中毒的药物，如醇类、水扬酸、含锂、溴化合物的药物解毒作用不如血液透析。      2．急、慢性肾功能衰竭的辅助治疗。     3．肝昏迷。', '血液灌注', '980', null, null, null, null, null, null, null);
INSERT INTO `sys_intelligent_guide_disease` VALUES ('78', '1．急、慢性肾功能衰竭。     2．顽固性高肾素型高血压。      3．老年、心功能不稳定、肝功能不良、对醋酸盐不耐受者。     4．低血压、严重钠水潴留者。      5．合并尿毒症性神经系统病变、心包炎和骨病者', '血液滤过', '980', null, null, null, null, null, null, null);
INSERT INTO `sys_intelligent_guide_disease` VALUES ('79', '一般有多尿、烦渴、恶心、夜尿、肉眼血尿、肌无力、软瘫、关节痛等表现。', '间质性肾炎', '980', null, null, null, null, null, null, null);
INSERT INTO `sys_intelligent_guide_disease` VALUES ('80', '因肾小管受损的部位及严重程度而异，但共同的表现均有不同程度的代谢性酸中毒', '肾小管性酸中毒', '980', null, null, null, null, null, null, null);
INSERT INTO `sys_intelligent_guide_disease` VALUES ('81', '1男性：Hb﹤120g/L，RBC﹤4.0×1012/L，HCT﹤0.40    2女性：Hb﹤110g/L，RBC﹤3.5×1012/L，HCT﹤0.37', '贫血', '981', null, null, null, null, null, null, null);
INSERT INTO `sys_intelligent_guide_disease` VALUES ('82', '临床表现：贫血、常伴有消化道症状及舌痛，舌色红、表面光滑(牛肉舌)。(2)     实验室检查：外周血：大细胞性贫血(MCV﹥100fl)；中性粒细胞分叶过多，5叶者﹥5%或6叶者﹥1%;骨髓：红系呈典型的巨幼红细胞生成，巨幼红细胞﹥10%，粒细胞系统及巨核细胞系统亦有巨型改变，中性粒细胞分叶过多，血小板生成障碍。', '巨幼细胞贫血', '981', null, null, null, null, null, null, null);
INSERT INTO `sys_intelligent_guide_disease` VALUES ('83', ' (1) 临床表现：同上。有偏食(蔬菜少或不吃)或空肠疾患或手术切除史。   (2)     实验室检查：除上述血象及骨髓象外，血清叶酸﹤3ng/ml(﹤6.81nmol/L)，红细胞叶酸﹤100ng/ml(227nmol/L)。', '叶酸缺乏性巨幼细胞贫血 ', '981', null, null, null, null, null, null, null);
INSERT INTO `sys_intelligent_guide_disease` VALUES ('84', '(1) 临床表现：同上。素食或回肠疾患或胃手术切除史。', '维生素B12缺乏性巨幼细胞贫血', '981', null, null, null, null, null, null, null);
INSERT INTO `sys_intelligent_guide_disease` VALUES ('85', ' 临床表现：多数受寒后即有急性发作，表现为寒战、发热(体温可高达40。C)，全身无力及腰背痛。随后即有血红蛋白尿，多数持续几小时，偶有几天者。', '阵发性冷性血红蛋白尿症', '981', null, null, null, null, null, null, null);
INSERT INTO `sys_intelligent_guide_disease` VALUES ('86', '临床表现：贫血、黄疸；', '红细胞酶缺陷疾病', '981', null, null, null, null, null, null, null);
INSERT INTO `sys_intelligent_guide_disease` VALUES ('87', ' 1血象(包括红细胞指数)及网织红细胞。    2骨髓穿刺涂片及活检病理检查。    3肝、肾功能。     4必要时酸溶血试验、糖水试验、蛇毒因子溶血试验、流式细胞仪测CD59(-)细胞，以除外阵发性睡眠性血红蛋白尿症(PNH)。', '再生障碍性贫血', '981', null, null, null, null, null, null, null);
INSERT INTO `sys_intelligent_guide_disease` VALUES ('88', '临床表现：发病慢，以贫血为主，感染及出血倾向较轻。', '轻型再生障碍性贫血', '981', null, null, null, null, null, null, null);
INSERT INTO `sys_intelligent_guide_disease` VALUES ('89', '临床表现：发病急，贫血进行性加重，常伴有严重感染或出血倾向', '重型再生障碍性贫血', '981', null, null, null, null, null, null, null);
INSERT INTO `sys_intelligent_guide_disease` VALUES ('90', '1慢性期：(1) 临床表现：无症状或有低热、乏力、多汗、体重减轻等症状。(2)     血象：WBC>10×109/L，分类以中性中、晚幼和杆状粒细胞为主，原始细胞(原+早)10%，嗜酸和嗜碱粒细胞增多，可有少量有核细胞。中性粒细胞碱性磷酸酶积分降低。(3)     骨髓象：增生明显至极度活跃，以粒系增生为主其中主要为中、晚幼和杆状粒细胞增多，原始细胞<10%。(4)     ph染色体阳性和/或bcr/abl融合基因阳性。(5) CFU-GM培养，集落及集簇较正常明显增加。 ', '慢性粒细胞白血病', '981', '2 加速期：具有下列二项或以上，排除其他原因可考虑为本期：(1)     不明原因的发热、贫血、出血倾向，和/或骨疼。(2) 脾脏进行性肿大。(3)    非药物所致血小板进行性增高或下降。(4) 原粒细胞(I+II型)在血或骨髓中>10%，但<20%。(5)     外周血嗜碱粒细胞>20%。(6) 骨髓中有显著的胶原纤维增生。(7) 出现ph以外的其他染色体异常。    (8) 对常用的治疗药物无反应。(9) CFU-GM增殖和分化缺陷，集簇增加。   注：2+3需除外脾亢，2+6需除外继发性MF', '3 急变期：具有下列之一者可诊断为本期：(1)     骨髓中原始粒细胞(I+II型)或原淋+幼淋>30%，或原单+幼单等在外周血或骨髓中>30%。(2)     外周血中原始粒+早幼粒细胞>5%。(3)     有髓外原粒细胞浸润。此期临床症状，体征比加速期更恶化，CFU-GM培养呈小簇生长或不生长。', null, null, null, null, null);
INSERT INTO `sys_intelligent_guide_disease` VALUES ('91', '临床表现：(1)疲乏、消瘦、低热，贫血或出血表现。(2)淋巴结和肝脾肿大。2) ', '慢性淋巴细胞白血病(CLL)', '981', null, null, null, null, null, null, null);
INSERT INTO `sys_intelligent_guide_disease` VALUES ('92', '临床表现：(1) 存在易引起DIC的基础疾病。(2)     有下列两项以上的临床表现①多发性出血倾向。②不易用原发病解释的微循环衰竭或休克。③多发性微血管栓塞的症状、体征，如皮肤、皮下、粘膜栓塞坏死及早期出现的肾、肺、脑等脏器功能不全。④抗凝治疗有效。', '弥散性血管内凝血', '981', null, null, null, null, null, null, null);
INSERT INTO `sys_intelligent_guide_disease` VALUES ('93', '血象：血片中可见到原始、幼稚淋巴细胞。   骨髓象：原始及幼稚淋巴细胞在30%以上。   细胞化学染色：PAS阳性（POX 小于3%）。   免疫分型：具有淋系细胞标志。', '成人急性淋巴细胞白血病', '981', null, null, null, null, null, null, null);
INSERT INTO `sys_intelligent_guide_disease` VALUES ('94', '血常规：血涂片中可见到原始、幼稚细胞，看见Auer小体   骨髓象：原始、早幼30%以上    细胞化学染色：POX阳性率3%以上   免疫分型：具有髓系细胞标志', '急性非淋巴细胞白血病', '981', null, null, null, null, null, null, null);
INSERT INTO `sys_intelligent_guide_disease` VALUES ('95', '血小板计数，出血时间，血块收缩试验正常   凝血酶原时间（PT）正常   试管法凝血时间延长    活化的部分凝血活酶时间（APTT）重型明显延长，轻型稍延长，亚临床型正常   血友病A：因子Ⅷ促凝活性（）减低，（FⅧ：C＜1%为重型；2-5%中型；6-25%轻型；26-45%亚临床型正常＝    （6）血友病B：血浆因子Ⅸ减低    血友病C；血浆因子Ⅺ：C及Ⅺ：Ag减低', '血友病ABC', '981', null, null, null, null, null, null, null);
INSERT INTO `sys_intelligent_guide_disease` VALUES ('96', '一合并症和/或夹杂病：同霍奇金淋巴瘤（略）', ' 非霍奇金淋巴瘤', '981', null, null, null, null, null, null, null);
INSERT INTO `sys_intelligent_guide_disease` VALUES ('97', '．原发病因：慢性失血、胃肠疾病、营养不良；女性的月经情况、小儿喂养情况、农民耕作情况等。    2．慢性贫血症状：头晕乏力、眼花耳呜、劳累后心悸气促。   3．特殊症状：精神迟滞、吞咽困难、异食癖。 ', '缺铁性贫血 ', '981', null, null, null, null, null, null, null);
INSERT INTO `sys_intelligent_guide_disease` VALUES ('98', '(1)临床表现：同上且有神经系统症状。可能有家族史或伴免疫性疾患。', '恶性贫血 ', '981', null, null, null, null, null, null, null);
INSERT INTO `sys_intelligent_guide_disease` VALUES ('99', '1．寻找引起溶血的原因及遗传规律，包括地域、职业、原发病因、用药史、过去史、家族史、毒物接触史等。    2．溶贫的症状与溶血发生的程度、速度有关,慢性溶血以血管外溶血多见，以贫血症状为主伴黄疸、肝脾肿大，可合并胆石症及肝功能损害的表现,而急性溶血常为血管内溶血，起病急骤，常有突发寒战、高热、头痛、恶心呕吐、腰酸背痛、贫血、黄疸、尿色酱红、尿少、尿闭等。', '溶血性贫血', '981', null, null, null, null, null, null, null);
INSERT INTO `sys_intelligent_guide_disease` VALUES ('100', ' (1)     临床表现：原发性AIHA多为女性，年龄不限；除溶血性贫血外，半数有脾肿大，1/3有黄疸及肝大。继发性AIHA常伴有原发疾病的临床表现。   (2) 实验室检查：①     贫血程度不一，有时很严重，可并发急性溶血危象。血片上可见较多球形红细胞(﹤15%)及数量不等幼红细胞。偶有红细胞被吞噬现象。网织红细胞增多。②     骨髓呈增生象，粒红比例倒置，以幼红细胞增生为主。③ 再障危象时，网织红细胞极度减少，骨髓象增生低下。④     广谱抗人球蛋白直接试验，主要为C3或IgG型。    (3)诊断标准：① 符合溶血性贫血的临床和实验室表现② 直接Coombs试验阳性③    如广谱Coombs试验阴性，但临床表现符合，肾上腺皮质激素或切脾有效，又能除外其他溶血性贫血，可考虑为Coombs试验阴性的自身免疫性溶血性贫血。④    需除外系统性红斑狼疮(SLE)或其他疾病(如CLL，Lymphoma)引起的继发性自身免疫性溶血。⑤     近四月内无输血或特殊药物服用史，直接Coombs试验阳性。 ', '自身免疫溶血性贫血(AIHA)', '981', null, null, null, null, null, null, null);
INSERT INTO `sys_intelligent_guide_disease` VALUES ('101', '典型症状：三多一少症状，即多尿、多饮、多食和消瘦。高血糖致大量葡萄糖从尿排出，带走大量水分，因此排尿次数增多，尿量增多，夜尿增多。水分丢失，出现口渴、多饮。热量丢失，常有饥饿感，进食量明显增加。体重减轻，伴疲乏无力。', '糖尿病', '984', '不典型症状：不少糖尿病病人，尤其2型糖尿病患者症状不典型，仅有头昏、乏力等，甚至无症状。有的发病早期或糖尿病发病前阶段，可出现午餐或晚餐前的饥饿感、心慌、手抖等低血糖症状，被迫多进食，体重反而在短期内有轻度增加。 ', '急性并发症的表现：在感染，饮食不当，应激等情况下病情加重。可出现食欲减退、恶心、呕吐、腹痛，多尿加重，头晕、嗜睡、视物模糊、呼吸困难、昏迷等。', null, null, null, null, null);
INSERT INTO `sys_intelligent_guide_disease` VALUES ('102', '常见诱因：发病前常有感染、手术、创伤、胃肠道功能紊乱、饮食失节、妊娠及严重心、脑血管病变，或不适当的减少，或停用胰岛素等。', '糖尿病酮症酸中毒', '984', '起病前数日，多尿、口渴、多饮、乏力加重，以后出现食欲减退、恶心、呕吐、极度口渴、尿量显著增多、头痛、嗜睡、呼气有烂苹果味，后期严重失水、少尿、无尿以至昏迷。 少数患者可有腹疼，有时易误诊为急腹症。', '体征有①脱水：皮肤粘膜干燥，弹性差，眼球下陷，眼压低，心动过速。严重者血压下降及休克。②呈深而快的酸中毒呼吸。严重酸中毒者，呼吸可受抑制。③部分患者可出现脐周压痛。④重症者出现神志淡漠、昏睡，各种深、浅反射迟钝或消失，甚至昏迷。', null, null, null, null, null);
INSERT INTO `sys_intelligent_guide_disease` VALUES ('103', '起病前常有引起应激的诱因，如各种急性感染、剧烈呕吐及腹泻、急性心肌梗塞、脑血管病、急性胰腺炎、脑外伤、烧伤、颅脑手术以及利尿剂、腹膜透析及输入过多葡萄糖液等治疗影响。', '非酮性高渗性糖尿病昏迷', '984', '起病缓慢渐进，早期仅有糖尿病症状加重，口渴、多尿、乏力, 食欲减退，随着血糖的逐步升高，出现明显的烦渴、多尿，脱水征。', '高渗脱水症状：烦渴、唇舌干裂、皮肤干燥、弹性差、眼球下陷、尿少、尿闭。血容量不足：心跳加速、血压低甚至于休克、无尿。', '神经精神症状有不同程度的意识障碍，反应迟钝、表情淡漠，幻觉，失语、意识模糊、嗜睡、昏迷等症状。可有上肢粗大震颤、局限性癫痫发作、一过性偏瘫、膝反射亢进或消失，锥体束征可呈阳性反应。', null, null, null, null);
INSERT INTO `sys_intelligent_guide_disease` VALUES ('104', '本病多缓慢起病，反复性低血糖发作，发作频度逐渐增加，多在清晨空腹发\n   47  作，少数可在餐后4—5小时发作，进餐或用葡萄糖后缓解，发作时血糖常低于2.8mmol/L（50mg/dl）。 ', '胰岛素瘤', '984', '发作时多有交感神经兴奋症状，心悸、出汗、饥饿感，手足颤抖、血压升高。多需进食缓解，患者因惧怕低血糖发作，易造成频繁进餐而肥胖。', '长期慢性发作者多见中枢神经抑制症状，如反应迟钝、行为异常、幻听幻视、定向障碍、精神错乱、意识障碍以致昏迷。', null, null, null, null, null);
INSERT INTO `sys_intelligent_guide_disease` VALUES ('105', '1.主要发生在老年人，以绝经后女性多见。  ', '原发性骨质疏松症', '984', '2.病情发展缓慢，早期常无明显症状或症状轻微，往往偶由照椎体X线片而被发现。  ', '3.骨痛，腰背部慢性深部广泛性钝痛，伴全身乏力。有的在椎体压缩性骨折发生后，立即出现该部位的急剧锐痛。  ', '4.骨骼畸形，身高缩短和导致脊柱后突、胸廓畸形。  ', '5.骨折，骨折最常见部位椎体(压缩性骨折)、髋部和腕部。可在轻微外力下和无外伤的情况下发生。尤其75岁以上的妇女骨折发生率高达80%—90%，', null, null, null);
INSERT INTO `sys_intelligent_guide_disease` VALUES ('106', '1．肥胖程度轻这可无明显症状。单纯性肥胖全身脂肪均匀性分布，常表现为腹型肥胖。', '肥胖症 ', '984', '2．肥胖症患者由于糖代谢和脂肪代谢的紊乱，发生显著胰岛素抵抗，由此产生代谢综合征，其中心环节是胰岛素抵抗，是形成冠心病、高血压、糖尿病和高脂血症的病生理基础。这些病症均加速动脉的粥样硬化，增加心脑血管疾病的发病率。', '3．中度以上的肥胖者可出现临床症状：  ① 常有活动后心悸，由于心脏的重量明显增加和心肌肥厚、心脏扩大、心脏传导系统的脂肪浸润可造成心律失常及心脏缺血的发生，冠心病发病率明显增高，易发生猝死。尤其是中心型肥胖，腰臀比男性大于1.0，女性大于0.8者。 ② 呼吸功能改变：肥胖者由于胸壁和腹部脂肪的过分维积使胸壁增厚和膈肌上抬，造成呼吸受限，使肺泡通气减低，活量减低且肺的顺应性下降，形成低通气\n   55  综合征而引起呼吸困难。睡眠呼吸暂停综合征也很多见。 ③肌肉骨骼病变：由于长期负重，使关节软骨面结构发生改变，易形成骨关节炎，膝关节的病变最多见。易合并高尿酸血症，容易发痛风。  ④内分泌系统的改变：肥胖者肾上腺皮质激素分泌轻度增加，节律正常，峰值增高，ACTH浓度也有轻度增高。肥胖者多伴有性腺功能减低，垂体促性腺激素减少，另外，脂肪组织可以分泌雌激素，肥胖者多伴有血雌激素水平增高，女性常伴有月经温紊乱，男性伴有性欲减低和女性化。', null, null, null, null, null);
INSERT INTO `sys_intelligent_guide_disease` VALUES ('107', '1．多见于中老年男性，常伴有肥胖、高脂血症、高血压和糖尿病等代谢综合征的表现。', '痛风', '984', '2.急性痛风性关节炎：起病急剧，常在夜间突然发作单个关节的红肿、疼痛，最常见部位是拇指的跖趾关节，其次为踝、足跟、膝、腕、手指关节。未经治疗，反复发作，可遗留关节强直和功能障碍。', '3.尿酸盐沉积在软骨、滑膜形成痛风结节，典型的痛风结节常见于早廓和对耳屏的皮下，呈无痛性圆形、椭圆形突起于皮肤。病风结节也可罕见于舌、喉头甚至心内结构，沉积在心脏传导系统则会引起心律失常。 ', '4.尿酸结晶长期沉积与肾脏形成尿酸结石，多数尿酸结石呈砂石状，大者可引起肾绞痛和血尿，X线拍片不显影，肾盂造影或超声波检查可发现结石。', '5.痛风性肾病多起病隐匿，有尿浓缩功能下降，间歇性蛋白尿，高血压、肾功能进行性下降，氮质血症和尿毒症。', null, null, null);
INSERT INTO `sys_intelligent_guide_disease` VALUES ('108', '   2  垂体瘤      垂体瘤多为良性，较常见，生前无临床表现的尸解的垂体瘤检出率超过10％。垂体肿瘤少数为腺癌，肿瘤直径<10mm为微腺瘤，10mm以上为大腺瘤。肿瘤好发于腺垂体，按照肿瘤的功能分类，发生率依次为泌乳素（PRL）瘤、无功能瘤、生长激素（GH）瘤、GH-PRL混合瘤、促肾上腺皮质激素（ACTH）瘤、促性腺激素（Gn）瘤、促甲状腺激素（TSH）瘤。  §诊断    ㈠临床表现  1．垂体瘤占位对局部和邻近组织的影响  ① 压迫鞍膈引起严重头痛，表现为前额及颞部胀痛或隐痛，阵发性加重。 ② 压迫视神经交叉引起视力减退或失明、视野缺损、双颞侧或鼻侧偏盲。 ③ 3、4、6脑神经受压引起海绵窦综合征，表现睑下垂、复视和眼外肌 麻痹。  ④影响下丘脑，出现尿崩症、睡眠异常、食欲亢进或减退、体温调节异常、性发育异常、自主神经功能异常。', '垂体瘤', '984', '2．垂体瘤分泌激素过多，或异常分泌引起相应激素所致的功能亢进表现。 如生长激素瘤引起的肢端肥大症或巨人症，泌乳素瘤引起的闭经泌乳综合征，促肾上腺皮质激素瘤引起的库欣综合征，促甲状腺激素瘤引起的甲状腺功能亢进症等，具体临床表现详见相关章节。 ', '3．垂体瘤压迫正常腺垂体组织而使激素分泌减少，多见于垂体无功能腺瘤。 ① 促性腺激素减少引起的性腺功能减退症，女性闭经、不育，乳房萎缩，阴毛、腋毛脱落。男性阳痿，胡须稀少，睾丸萎缩。  ② 促甲状腺激素减少引起的甲状腺机能减退症，表现为怕冷、少汗，乏力，食欲不振，毛发稀疏。  ③ 促肾上腺皮质激素减少引起的肾上腺皮质机能减退症，表现为精神萎靡，软弱乏力，血压低，易感染。  ④ 抗利尿激素减少引起尿崩症，表现为口渴多尿。', null, null, null, null, null);
INSERT INTO `sys_intelligent_guide_disease` VALUES ('109', null, '生长激素瘤', '984', null, null, null, null, null, null, null);
INSERT INTO `sys_intelligent_guide_disease` VALUES ('110', '1、泌乳—闭经综合征  女性泌乳素瘤时有月经紊乱、月经过少、闭经、黄体期短或不孕，90％的病人闭经，30％一80％的病人溢乳，泌乳多为双侧触发性。多数病人体重增加，尤其闭经时间长久者，育龄女性闭经、泌乳和发胖时常提示泌乳素瘤。由于闭经、不排卵而继发不孕。', '高泌乳素血症及泌乳素瘤 ', '984', '2、男性性欲减退、阳痿、睾丸缩小、变软、性毛减少，体力减弱。是男性不育、精子减少或无精的常见原因之一。少数病人约10％一20％有乳腺增生及触发泌乳，大多少量清水样。 ', '3、垂体占位表现和垂体功能低减PRL大腺瘤占1／3，增大的腺瘤向鞍外发展，浸润和压迫周围组织，病人可有头痛、视力减退、视物模糊，视野缺损、海绵窦压迫等引起眼险下垂，瞳孔对光反射消失、复视、眼球运动障碍等，少数微腺瘤也可以出现视野缺损，手术摘除后视野恢复。', null, null, null, null, null);
INSERT INTO `sys_intelligent_guide_disease` VALUES ('111', '腺垂体损伤达50％～75％才表现有临床症状，泌乳素和生长素分泌缺乏最早出现，但除了产后无乳汁分泌和儿童侏儒外，在成年人这两种激素缺乏常不被注意。就诊原因大多先出现性腺功能减退症候群，继之出现甲状腺功能减退症候群，再后出现肾上腺皮质功能减退症候群，后者往往提示垂体受损严重。', '腺垂体功能减退症', '984', '1．性腺功能减退表现：女性有产后大出血、休克、昏迷史，产后无乳、闭经，阴毛、腋毛脱落，乳房萎缩，子宫、阴道萎缩。男性患者性欲减退，睾丸萎缩，胡须生长缓慢，腋毛、阴毛脱落，肌肉无力。  2．甲状腺功能减退表现：可有乏力，怕冷，少汗，食欲减退，便秘，困倦，嗜睡，反应迟钝，面色苍白，皮肤干燥，眉毛、头发脱落或稀疏，腱反射迟顿，心率缓慢，心电图示低电压T波低平。  3．肾上腺皮质功能减退表现：厌食，疲乏无力，体重下降，食欲不振，抵抗力下降，血压偏低，皮肤色素浅淡，乳晕色素浅淡。重者出现恶心、呕吐，高热，休克。4．垂体或垂体周围肿瘤浸润或压迫引起本症者可出现压迫症状：压迫视交叉或视神经可出现视力下降、视野缺损、偏盲、失明。压迫海绵窦可出现复视、眼球活动障碍。压迫脑室间孔引起颅压增高出现头痛、呕吐，视乳头水肿。 5．垂体危象       出现严重的厌食、恶心、呕吐、并有精神、神志改变。低血糖昏迷和循环 衰竭为多，也可为水中毒表现及偶见低体温昏迷。 6．原发病史及表现  产后大出血、休克史，鞍区手术、放疗、外伤史，垂体瘤或垂体卒中（突发头痛伴恶心、呕吐史）的体征。', null, null, null, null, null, null);
INSERT INTO `sys_intelligent_guide_disease` VALUES ('112', '1. 生长速度减缓：出生时身高往往正常，以后身高增长迟缓，2～3岁以后低于同龄儿童，平均每年增高<4cm（正常儿童>5cm），成年<130cm。 2. 体态尚匀称，皮下脂肪较丰满，皮肤细，成年后仍保持童年外貌。 3. 智力发育一般正常，学习成绩与同龄儿童无差异。  4. 可伴有性器官和第二性征发育延迟，男性无胡须，外生殖器小，睾丸小或隐睾。女性原发性闭经，乳房不发育，外生殖器、子宫幼女型，无阴毛。', '生长激素缺乏性侏儒症', '984', null, null, null, null, null, null, null);
INSERT INTO `sys_intelligent_guide_disease` VALUES ('113', '1．烦渴、多饮，喜饮凉水，食欲下降，常只进稀的食物。、消瘦，工作和学习能力下降。  2．多尿，完全性尿崩每日尿量多达6—12L，严重者可达20L以上。部分性尿崩每日尿量约2500ml-5000ml。夜尿无减少，频繁排尿、影响睡眠休息。 3．脱水征象 皮肤干燥，唾液减少，体重下降。病人纳差，便秘，倦怠、无力头痛。严重者可出现精神志改变、高热、抽搐。  4．高渗综合征 为脑细胞脱水所致的高渗状态，表现为头痛，肌肉酸痛，烦躁不安，谵妄，昏迷，脑水肿，颅压增高。  5．如因肿瘤等病损累及垂体、垂体柄时，可有腺垂体功能减退表现和肿瘤性占位病变的表现。', '尿崩症', '984', null, null, null, null, null, null, null);
INSERT INTO `sys_intelligent_guide_disease` VALUES ('114', '高代谢症群及交感神经兴奋性增高表现：  ① 低热，多汗，怕热、皮肤温暖、潮湿。体重下降，消瘦。   ② 食欲亢进，多食易饥，大便次数增加，老年人可有食欲减退、厌食。 重症可肝大、肝功升高和黄疸。  ③ 心悸气短，心动过速，脉压差增大。心律紊乱（以房颤最多见）和心 功能不全，心脏扩大，甲亢性心脏病。  ④ 甲亢性肌病、肌无力、肌萎缩，低血钾性周期性麻痹，重症肌无力。 骨质疏松。  ⑤ 多言好动，焦躁易怒，失眠不安，记忆力减退，手颤，腱反射活跃。 ⑥ 女性月经减少或闭经失调。男性阳痿等。', '甲状腺功能亢进症', '984', '2. 甲状腺肿：多呈不同程度、弥漫性、对称性肿大，质软至韧，可触及震颤及听到血管杂音。', '3.眼征：可有良性眼症（突眼度<18mm）①瞬目渐少（Stellwag征）②上睑挛缩，角膜上缘外露。③下视眼球露白(von Graefe征) ④上视额纹消失(Joffroy征) ⑤ 视近物眼球辐輳不良(Mobius征)。浸润性突眼（突眼度>19mm），多为双侧，眼睑肿涨，结膜充血水肿，眼球突出，活动受限，可有眼内异物感，畏光、\n   18  流泪、复视等。 ', '4.胫前粘液性水肿，杵状指（趾）等。', null, null, null, null);
INSERT INTO `sys_intelligent_guide_disease` VALUES ('115', '1.起病缓慢隐袭，可有乏力，怕冷，食欲减退，腹胀，便秘。困倦，嗜睡，面色苍白，皮肤干粗，姜黄色手掌，心率缓慢，体重增加。月经量多，腱反射时间延长。  2．粘液性水肿：颜面部、眼睑浮肿，口唇厚、舌大，四肢非可凹性粘液性水肿。毛发稀疏而干脆，眉毛外l/3脱落，声音嘶哑， 严重者可出现心包、胸腔、腹腔及关节腔积液。      3. 神经系统表现为记忆力减迟，反应迟钝，智力低下。抑郁、痴呆或表现为易激惹、幻觉、精神失常等。听力减退。 4．血液系统．贫血常见。月经过多、肠吸收铁剂、叶酸等减少。有时合并', '甲状腺功能减退症', '984', null, null, null, null, null, null, null);
INSERT INTO `sys_intelligent_guide_disease` VALUES ('116', '1．发病前多无上呼吸道感染史。  2．甲状腺功能亢进期： 怕热多汗，疲乏无力，体重下降，心动过速。本病在甲状腺功能亢进症中约占5％～20％，程度中等，持续时间短，一般在3个月以内，自行缓解。缓解后也可复发。  3．甲状腺功能减退期：甲亢期后约1/3患者可发生一过性甲状腺功能减退，表现为怕冷乏力，食欲减退，浮肿等，约1～8月缓解，极少数发展为永久性甲减。  4．甲状腺无触痛，质地坚韧，有不同程度肿大，可有结节。', '亚急性淋巴细胞性甲状腺炎', '984', null, null, null, null, null, null, null);
INSERT INTO `sys_intelligent_guide_disease` VALUES ('117', ' 1．神经、肌肉应激性增加，一般当血清总钙值≤1.88mmol/L(7.5mg/dl)或游离钙≤0.95mmol/L,或时可出现症状，早期有四肢麻木，刺痛感，重者手足搐搦。发作时呈助产士手型抽搐。严重者喉痉挛、支气管痉挛，甚至呼吸困难、窒息。体征可见面神经叩击征（Chvostek征）阳性，即用手指叩击耳前和颧弓下面神经，同侧面肌抽动；束臂加压试验（Trousseau征）阳性，维持血压于收缩压之上，2—3分钟这内出现助产士型手抽搐。    2．精神症状，表现为兴奋、焦虑、恐惧、烦躁不安，幻觉、定向力失常。   3．癫痫发作，可高达50%左右，可有大发作、小发作、精神运动性发作和癫痫持续状态等。    3．外胚层组织营养变性：低钙性白内障，出牙延迟，钙化不全。皮肤角化过度、指（趾）甲变脆，头发脱落等。    4． 心血管异常：心率增速或心律不齐。重症病人可有甲旁减性心肌病，心力衰竭。低血钙刺激迷走神经可导致心肌痉挛而突然死亡。', '甲状旁腺功能减退症', '984', null, null, null, null, null, null, null);
INSERT INTO `sys_intelligent_guide_disease` VALUES ('118', '生长激素分泌过度表现 巨人症  ① 青少年起病，过度生长，全身成正常比例均匀性高大魁梧，身高体重均明显超过同龄人。最终身高男性在2米以上，女性在1.85以上。 ② 早期代谢旺盛，肌肉发达有力，第二性征发育提前，性欲旺盛。疾病后期逐渐衰弱无力，肌肉松弛，性腺萎缩，性功能减退，抵抗力低，不经治疗，多早年病逝。      肢端肥大症  ① 病程缓慢进展，特殊肢端肥大症外貌，手脚变得宽厚，成年以后鞋号 逐渐增加引起重视，眉弓突出，高颧骨，下颌大而向前突出，以致反咬合，脸变长，下齿稀疏，鼻大耳大，唇厚舌大而厚，头皮起褶变厚变粗，前额皱纹粗大，语调低沉，发音不清楚，与以往照片比较发现面貌变得丑陋。  ② 性功能异常，女性30%月经稀发，闭经，乳房发达甚至溢乳。男性早 期性欲旺盛。  ③ 有高代谢表现，易出汗，怕热，血糖升高。  ④ 疾病后期易疲劳，精神萎靡，健忘，暴躁，易怒，抵抗力下降。', '肢端肥大症与巨人症', '984', '肿瘤压迫症状80%病人有间断或持续性头痛，30-40%有视交叉压迫表现，以偏盲型视野缺损最典型。肿瘤向两侧扩展时有海绵窦压迫表现。', '内分泌及代谢紊乱 瘤周围垂体组织受压迫浸润时出现垂体功能低减，大腺瘤常伴垂体卒中。多汗、怕热、约50%的患者基础代谢率增高。继发性临床糖尿病和糖耐量低减各占25%，40%伴有高血压、有脂代谢紊乱和动脉硬化。垂体GH瘤可以是多发性内分泌腺瘤的一部分。', '病人寿命缩短，死因为心、脑血管意外、心力衰竭、糖尿病合并感染的占80%。巨人症未经治疗的大都不超过30周岁。', null, null, null, null);
INSERT INTO `sys_intelligent_guide_disease` VALUES ('119', '1．剧烈头痛，呈持续性，有时呈闪电样，伴呕吐。肿瘤向上穿破蝶鞍，压力突然减低时，头痛可减轻或消失。  2．视交叉压迫：数小时内视力急剧减退，视野缺损、偏盲，甚或黑蒙、全盲。 3．眼肌麻痹：肿瘤问两侧扩展、压迫海绵窦，影响颅神经．引起眼肌瘫，复视，眼球运动障碍。可有眼睑下垂，三叉神经痛，瞳孔异常等。 4． 脑膜刺激征：颅压增高，头痛、呕吐、颈项强直。  5． 意识障碍：嗜睡、神志模糊，直至昏迷。有时出血可溢出到蛛网膜下腔。 6．垂体功能急剧减退：垂体前叶功能减退导致肾上腺皮质功能急剧不足，而有低血糖、昏迷、休克等少数合并下丘脑功能障碍及尿崩症。偶尔可有抗利尿激素不适当分泌综合征。  7．可有中枢性高热、休克、心律失常、消化道出血、暂时性尿崩。', '垂体卒中', '984', null, null, null, null, null, null, null);
INSERT INTO `sys_intelligent_guide_disease` VALUES ('120', '1. 生长速度减缓：出生时身高往往正常，以后身高增长迟缓，2～3岁以后低于同龄儿童，平均每年增高<4cm（正常儿童>5cm），成年<130cm。 2. 体态尚匀称，皮下脂肪较丰满，皮肤细，成年后仍保持童年外貌。 3. 智力发育一般正常，学习成绩与同龄儿童无差异。  4. 可伴有性器官和第二性征发育延迟，男性无胡须，外生殖器小，睾丸小或隐睾。女性原发性闭经，乳房不发育，外生殖器、子宫幼女型，无阴毛。', '生长激素缺乏性侏儒症', '984', null, null, null, null, null, null, null);
INSERT INTO `sys_intelligent_guide_disease` VALUES ('121', '1、颈动脉系统CI：三偏症状、视力障碍、血管杂音、体像障碍、尿失禁及/或尿潴留、精神症状。失语、失读、失写、失认、椎体外系症状的有无。   2．椎基底动脉系统CI：眩晕、眼震、复视、构音障碍、吞咽困难、共济失调、交叉瘫、四肢瘫、球麻痹、意识障碍等。', '脑梗死', '974', null, null, null, null, null, null, null);
INSERT INTO `sys_intelligent_guide_disease` VALUES ('122', '发疹前可有轻度乏力、低热、纳差等全身症状，患处皮肤自觉灼热感或者神经痛，触之有明显的痛觉敏感，持续1～3天，亦可无前驱症状即发疹。好发部位依次为肋间神经、颈神经、三叉神经和腰骶神经支配区域。患处常首先出现潮红斑，很快出现粟粒至黄豆大小的丘疹，簇状分布而不融合，继之迅速变为水疱，疱壁紧张发亮，疱液澄清，外周绕以红晕，各簇水疱群间皮肤正常；皮损沿某一周围神经呈带状排列，多发生在身体的一侧，一般不超过正中线。神经痛为本病特征之一，可在发病前或伴随皮损出现，老年患者常较为剧烈。病程一般2～3周，水疱干涸、结痂脱落后留有暂时性淡红斑或色素沉着。', '带状疱疹', '974', null, null, null, null, null, null, null);
INSERT INTO `sys_intelligent_guide_disease` VALUES ('123', '成年及老年人多见，40岁以上患者占70%～80%，女性多于男性。三叉神经痛常局限于三叉神经一或两支分布区，以上颌支、下颌支多见。发作时表现为以面颊上下颌及舌部明显的剧烈电击样、针刺样、刀割样或撕裂样疼痛，持续数秒或1～2分钟，突发突止，间歇期完全正常。患者口角、鼻翼、颊部或舌部为敏感区，轻触可诱发，称为扳机点或触发点。严重病例可因疼痛出现面肌反射性抽搐，口角牵向患侧即痛性抽搐。病程呈周期性，发作可为数日、数周或数月不等，缓解期如常人。随着病程迁延发作次数将逐渐增多，发作时间延长，间歇期缩短，甚至为持续性发作，很少自愈。神经系统检查一般无阳性体征，患者主要表现因恐惧疼痛不敢洗脸、刷牙、进食，面部口腔卫生差、面色憔悴、情绪低落。', '三叉神经痛', '974', null, null, null, null, null, null, null);
INSERT INTO `sys_intelligent_guide_disease` VALUES ('124', '最常见的源于内耳的眩晕病。当头部运动到某一特定位置时可诱发短暂的眩晕，并伴有眼震和自主神经症状。可见于各年龄段，老年人多见。该病具有自限性。最常累及的半规管为后半规管（占80%～90%），其次为外半规管（占10%），最少受累的是上半规管（占2%）。', '良性阵发性位置性眩晕', '974', null, null, null, null, null, null, null);
INSERT INTO `sys_intelligent_guide_disease` VALUES ('125', '周围神经疾病有许多特有的症状和体征，感觉障碍主要表现为感觉缺失、感觉异常、疼痛、感觉性共济失调；运动障碍包括运动神经刺激和麻痹症状。刺激症状主要表现为肌束震颤、肌纤维颤搐、痛性痉挛等，而肌力减低或丧失、肌萎缩则属于运动神经麻痹症状。另外周围神经疾病患者常伴有腱反射减低或消失，自主神经受损常表现为无汗、竖毛障碍及直立性低血压，严重者可出现无泪、无涎、阳痿及膀胱直肠功能障碍等。', '周围神经病', '974', null, null, null, null, null, null, null);
INSERT INTO `sys_intelligent_guide_disease` VALUES ('126', '临床表现主要为运动障碍（截瘫）、感觉障碍（一切感觉痛觉消失）、膀胱直肠括约肌等植物神经功能障碍（病人大小便失禁或尿潴留）', '脊髓炎', '974', null, null, null, null, null, null, null);
INSERT INTO `sys_intelligent_guide_disease` VALUES ('127', null, '脑血管疾病', '974', null, null, null, null, null, null, null);
INSERT INTO `sys_intelligent_guide_disease` VALUES ('128', null, '中枢神经系统感染性疾病', '974', null, null, null, null, null, null, null);
INSERT INTO `sys_intelligent_guide_disease` VALUES ('129', null, '中枢神经系统脱髓鞘疾病', '974', null, null, null, null, null, null, null);
INSERT INTO `sys_intelligent_guide_disease` VALUES ('130', '1.不自主动作。\n2.动作缺失或缓慢而无瘫痪。\n3.姿势及肌张力异常。', '运动障碍疾病', '974', null, null, null, null, null, null, null);
INSERT INTO `sys_intelligent_guide_disease` VALUES ('131', '系指全身肌肉抽动及意识丧失的发作。以产伤、脑外伤、脑瘤等较常见。强直-阵挛发作可发生在任何年龄，是各种癫痫中最常见的发作类型。其典型发作可分为先兆期、强直期、阵挛期、恢复期四个临床阶段。发作期间脑电图为典型的爆发性多棘波和棘-慢波综合，每次棘-慢波综合可伴有肌肉跳动。', '癫痫 ', '974', null, null, null, null, null, null, null);
INSERT INTO `sys_intelligent_guide_disease` VALUES ('132', '头痛?程度有轻有重，疼痛时间有长有短。疼痛形式多种多样，常见胀痛、闷痛、撕裂样痛、电击样疼痛、针刺样痛，部分伴有血管搏动感及头部紧箍感，以及恶心、呕吐、头晕等症状。继发性头痛还可伴有其他系统性疾病症状或体征，如感染性疾病常伴有发热，血管病变常伴偏瘫、失语等神经功能缺损症状等。头痛依据程度产生不同危害，病情严重可使患者丧失生活和工作能力。', '头痛', '974', null, null, null, null, null, null, null);
INSERT INTO `sys_intelligent_guide_disease` VALUES ('133', '病理上主要表现为逐渐的通常是对称性和不断进行的神经元损害', '神经系统变性疾病', '974', null, null, null, null, null, null, null);
INSERT INTO `sys_intelligent_guide_disease` VALUES ('134', '1.智能减退\n又称为精神发育不全，根据智能减退程度可以分为白痴、痴愚和愚鲁3个等级。白痴者智商(IQ)在0～30；痴愚者智商在30～50；愚鲁的智商为50～70。若智商在70以上者为低能。', '神经系统遗传性疾病', '974', '2.行为异常\n是神经系统常见的遗传病症状之一，常与智能减退伴存，表现为兴奋、易激惹、烦躁、人格改变等，少数病人可有冲动行为而被误诊为精神病。', '3.言语障碍\n神经遗传病中的言语障碍可由中枢神经的发育不全而致失语或由发音器官的不协调所引起的构音障碍所致。前者表现为听不懂、不认识、不理解和不能表达。后者讲话缓慢无力、发音顿挫、鼻音、吐词含糊等，具体表现为：\n(1)痉挛性发音困难 如痉挛性截瘫和脑瘫病者后爆破性构音障碍，如小脑性共济失调性语言。\n(2)无力性语言 见于咽肌萎缩和无力的肌营养不良者的发音，常见于锥体外系疾病的扭转痉挛、肌阵挛、舞蹈动作时发出的时高时低的阵发性发音障碍。', '4.不自主运动\n是累及锥体外系统的遗传病的常见症状，可表现以肌张力增高、动作减少为特征的震颤；张力降低动作增多的舞蹈动作；肌张力不规则的手足徐动、扭转痉挛等；以及节律性肌肉收缩的肌阵挛如肌阵挛性癫痫-脑桥-小脑变性等', '5.抽搐\n是遗传性神经系统疾病中常见症状之一，抽搐类型可为局灶性、全身性、大发作或小发作，常与智能减退并存，如结节硬化、苯丙酮尿症等。', '6.某些特征体态和其他异常\n如面-肩-肱型肌营养不良症、强直性肌营养不良症、黏多糖沉积病的特殊面容；神经纤维瘤病的颅骨缺损，遗传性共济失调的眼外肌麻痹，肝豆状核变性的角膜K-F环，遗传性小脑性共济失调的眼球震颤；以及白内障、晶状体移位、颅骨狭小、脊柱裂、四肢短小、弓形足、痉挛步态等均有一定的诊断价值。', null, null);
INSERT INTO `sys_intelligent_guide_disease` VALUES ('135', '①肌萎缩侧索硬化症：多于40～60岁隐袭发病，单/双上肢/下肢无力、肌肉挛缩、肌束颤动以及萎缩。早期多为上肢无力。具有典型上、下神经元损害的特征，同时可影响颈、舌、咽、喉而出现延髓麻痹症状，最后躯干和呼吸肌受累，危及生命。即使病程很长，病情很重，患者始终无感觉障碍。', '神经元病', '974', '②进行性脊肌萎缩：大多数患者一侧或双侧手部肌群无力和萎缩，可见肌束颤动，肌张力减低，腱反射减弱或消失，严重者呈爪形手。肌萎缩和肌无力可向上发展，感觉神经不受累，少数患者下肢可出现症状。', '③原发性侧索硬化症：成人起病，病程进展缓慢，常先侵犯下胸段的皮质脊髓束，出现双下肢无力、僵硬、行走时呈痉挛步态，逐渐累及双上肢。四肢肌张力增高，病理体征阳性，', '④进行性延髓麻痹：以逐渐加重的延髓麻痹症状首发，表现为吞咽困难，饮水呛咳、言语含糊，咳嗽无力，甚至呼吸困难。同时或稍后出现出现躯体运动神经元受损的症状和体征', null, null, null, null);
INSERT INTO `sys_intelligent_guide_disease` VALUES ('136', '病人主诉症状涉及的器官或系统有：\n心血管系统：心脏神经症，神经性循环无力、Da Cos ta 综合征；\n消化系统：心因性吞气症、呃逆、胃神经症、心因性“肠激惹”综合征、心因性 腹泻 ；\n呼吸系统：过度换气；\n泌尿生殖系统：心因性尿频 、心因性排尿困难 。', '自主神经疾病', '974', null, null, null, null, null, null, null);
INSERT INTO `sys_intelligent_guide_disease` VALUES ('137', '主要表现为肌收缩力减退或消失以及肌肉萎缩等。先天性或后天性、无神经系统病变，但肌病的主要症状与神经系统损害所致的肌无力不易鉴别，故常需与神经病相鉴别', '肌肉疾病', '974', null, null, null, null, null, null, null);
INSERT INTO `sys_intelligent_guide_disease` VALUES ('138', '临床主要症状为受损阶段的分离性感觉障碍，肌肉进行性无力和萎缩，脊柱侧凸。', '脊髓空洞症状', '974', null, null, null, null, null, null, null);
INSERT INTO `sys_intelligent_guide_disease` VALUES ('139', '脊髓压迫症是指由各种不同原因的病变压迫脊髓或供应脊髓的血管而引起脊髓功能障碍的临床综合征。可引起脊髓压迫症的病因有①肿痛，②先天性疾病，③外伤，如脊柱骨折脱位、椎间盘突出、椎营狭窄、外伤性血肿等，④炎症，如脊柱结核、椎营内结核病，⑤其它，如囊肿、颈椎骨质增生肥大。脊髓压迫症临床主要表现肿瘤是脊髓压迫症最常见的原因，病情进展缓慢，逐渐出现的瘫痪。神经根痛常为髓外肿瘤最早症状，表现为刺痛、火灼或刀割样疼痛，可随病期和病变水平不同而出现单侧下肢不完全性瘫、截瘫或四肢瘫，后期脊髓损害完全则表现屈曲性截瘫。急性脊髓损伤（如外伤、脊髓炎等）所有反射消失、大小便失禁，疼温觉消失等', '脊髓压迫症', '974', null, null, null, null, null, null, null);
INSERT INTO `sys_intelligent_guide_disease` VALUES ('140', '①进行性延髓麻痹多在中年后起病，病人常出现咽喉肌麻痹，声音嘶哑，说话不清，吞咽困难，唾液外流，进食或饮水时常因食物或汤水浸入气管而发生呛咳，或汤水由鼻孔逆流而出。咳嗽无力，痰液不易咳出，呼吸困难，检查可发现软腭不能上提，咽反射消失，一侧或两侧舌肌萎缩，舌面有明显皱褶，质地变软，并有舌肌萎缩颤动。②肌萎缩性侧索硬化，此型最多见，多见于40岁以上，上肢肌萎缩无力，肌束颤动而腱反射在早期常保存。下肢呈痉挛性瘫痪。行走不灵活，呈剪刀样步态，腱反射亢进，也可出现延髓麻痹的症状，病程自一年至十年以上不等。③\"进行性脊萎缩症。\"多在30岁左右起病，起病隐袭患者出现一侧或两侧手肌无力，大小鱼际肌萎缩。肌萎缩可向上蔓延至前臂。可有明显的肌束颤动，腱反射减弱或消失，此型病程进展慢。', '运动神经元疾病', '974', null, null, null, null, null, null, null);
INSERT INTO `sys_intelligent_guide_disease` VALUES ('141', ' 1．腹痛：注意部位、性质、发展速度及伴随症状（恶心、呕吐、发热、黄疸等）；\n    2．诱因：注意酗酒、暴饮暴食、高脂餐、药物及急性传染病；\n    3．有无胆道病史及腹部手术、外伤史。', '急性胰腺炎', '985', null, null, null, null, null, null, null);
INSERT INTO `sys_intelligent_guide_disease` VALUES ('142', '1．肝外型门脉高压如门静脉血栓形成、腹部外伤、腹内肿瘤、胰腺炎、脾囊肿、先天异常、妊娠、口服避孕药等。\n    2．肝内性门脉高压。包括：\n    （1）肝内窦前型门脉高压，如血吸虫性肝纤维化等。\n    （2）肝内混合型门脉高压，主要见于肝硬化。\n    （3）肝内窦后型门脉高压，如Budd-Chiari综合征等。\n    3．特发性门脉高压。\n    4．上消化道出血病史。', '食管、胃底静脉曲张', '985', null, null, null, null, null, null, null);
INSERT INTO `sys_intelligent_guide_disease` VALUES ('143', '1．右上腹疼痛、发热、黄疸、有或无恶心、呕吐。\n    2．有或无全身中毒症状，如烦燥不安、神志模糊、嗜睡等。\n    3．粪便及小便颜色改变。', '肝内、外胆管结石、胆管炎', '985', null, null, null, null, null, null, null);
INSERT INTO `sys_intelligent_guide_disease` VALUES ('144', '（1）慢性复发性不完全梗阻的胆管结石发作间歇期患者应择期手术。\n    （2）急性胆管炎发作入院者，可先行保守治疗，情况好转、黄疸明显消退者可择期手术。\n    （3）经保守治疗无好转，甚至加重向急性梗阻性化脓性胆管炎（AOSC）发展患者，或入院即表现为AOSC的患者，可经4～6小时准备，待血压稳定后急诊手术。如经短期抗感染，应用升压药及补充血容量等治疗，血压仍不稳定者，则应在积极继续上述治疗的同时急诊手术；或选用非手术方法，如PTCD或鼻胆管引流暂时减压胆道，待病情稳定后再做进一步手术。', '硬化性胆管炎', '985', null, null, null, null, null, null, null);
INSERT INTO `sys_intelligent_guide_disease` VALUES ('145', '1．腹痛的位置、性质及诱因，疼痛有无向其它部位放射。\n    2．有无黄疸、寒战、发热、恶心、呕吐、及消化不良等症状。\n    3．过去有无类似发作史。', '胆囊炎、胆囊结石', '985', null, null, null, null, null, null, null);
INSERT INTO `sys_intelligent_guide_disease` VALUES ('146', ' 1．多见于初产妇的哺乳期；\n    2．乳腺红、肿，病变局部皮肤温度升高、伴明显触痛；\n    3．严重者可有发热、头痛甚至畏寒、寒颤。', '急性乳腺炎和乳腺脓肿', '985', null, null, null, null, null, null, null);
INSERT INTO `sys_intelligent_guide_disease` VALUES ('147', ' 1．多为育龄期妇女发病；\n    2．乳房胀痛，疼痛可放射至肩背部；\n    3．疼痛与月经有关，经前明显，经后减轻，多数具有明显周期性；\n    4．肿块可为双侧性也可为单侧性，可多发也可单发；\n    5．偶有浆液性乳头溢液。', '乳腺囊性增生病', '985', null, null, null, null, null, null, null);
INSERT INTO `sys_intelligent_guide_disease` VALUES ('148', '1．注意原发病有无先天性溶血性贫血及后天性自身免疫性贫血，这些疾病可引起原发性脾功能亢进症。继发性脾功能亢进症的常见原因是肝硬化门脉高压症，其他原因还有感染、淀粉样变性、淋巴瘤、骨髓增殖症等。\n    2．本病的主要症状是由于血液红细胞、白细胞和血小板三系中一系、二系或全血细胞减少所产生的相应症状，如乏力、心慌、头昏、易患上呼吸道感染、牙龈及鼻出血、皮肤紫癜等。', '脾肿大、脾功能亢进症', '985', null, null, null, null, null, null, null);
INSERT INTO `sys_intelligent_guide_disease` VALUES ('149', '1．反复上腹部疼痛，疼痛性质多为钝痛或烧灼痛，伴饱胀、嗳气、食欲减退；\n    2．胃溃疡疼痛节律性不明显，多在进餐后1/2～1小时开始疼痛，持续约1～2小时或更长时间，进食疼痛不缓解；\n    3．十二指肠溃疡疼痛具有明显节律性，表现为餐后延迟痛（餐后3～4小时发作），饥饿痛和夜间痛，常伴有反酸，进食疼痛缓解；\n    4．并发出血、穿孔、梗阻及癌变时可有相应的症状。', '胃、十二指肠溃疡', '985', null, null, null, null, null, null, null);
INSERT INTO `sys_intelligent_guide_disease` VALUES ('150', '1．胃癌早期的临床症状多不明显，也不典型，类似胃炎等非特异的症状，如上腹不适、隐痛、嗳气、返酸、食欲减退、轻度贫血等。\n    2．随着病情的发展，日渐出现明显的上腹部疼痛、食欲不振、消瘦、进行性贫血、甚至呕吐、上腹部包块，此时诊断为胃癌并不困难，但治愈的可能性已经太小，因此为获得较好的治疗效果，应重视胃癌早期所出现的非特异性症状。\n    3．遇到下列情况之一者均应警惕胃癌的可能性，作进一步检查：\n    （1）以往无胃病史而出现上述早期症状，或已有长期溃疡病史而近来症状明显或疼痛规律性改变者，特别是40岁以上患者；\n    （2）有胃酸减少或胃酸缺乏，萎缩性胃炎、胃溃疡、胃息肉等病史者须定期系统检查；\n    （3）原因不明的消瘦、贫血、黑便或大便潜血试验阳性者。', '胃    癌', '985', null, null, null, null, null, null, null);
INSERT INTO `sys_intelligent_guide_disease` VALUES ('151', ' 1．腹痛：机械性肠梗阻为阵发性绞痛，腹中部较多见；绞窄性肠梗阻为剧烈的持续性腹腔痛；麻痹性肠梗阻腹痛不明显或持续性胀痛。\n    2．呕吐：高位肠梗阻呕吐频繁，吐出物为胃、十二指肠内容物；低位膜梗阻呕吐出现迟，吐出物可呈粪样。绞窄性梗阻呕吐物可为棕褐色或血性。\n    3．腹胀：高位肠梗阻腹胀不明显，低位及麻痹性肠梗阻腹胀遍及全腹，结肠梗阻腹周膨胀显著，肠扭转等闭袢性梗阻腹隆起不对称。\n    4．停止排气排便：完全性肠梗阻多不再排气排便；肠套叠、肠系肠血管栓塞可排出果酱样或血性粪便。', '肠  梗  阻', '985', null, null, null, null, null, null, null);
INSERT INTO `sys_intelligent_guide_disease` VALUES ('152', '1．腹痛：转移性右下腹痛或右下腹痛，逐渐加重；持续性钝痛或阵发性加剧。\n    2．消化道症状：恶心、呕吐、食欲减退、便秘、腹泻等，小儿症状出现较早且程度重。\n    3．全身症状：乏力、头痛、畏寒、发热、脉率加快，并发门静脉炎者可出现高热、黄疸。\n    4．可有类似腹痛史。\n    5．女性病人疑有妇科情况者应请妇产科医师会诊。', '急性阑尾炎', '985', null, null, null, null, null, null, null);
INSERT INTO `sys_intelligent_guide_disease` VALUES ('153', '1．常发病于夏秋季，可有不洁饮食史，以儿童及青少年居多。\n    2．发病急骤，腹痛多由脐周或上中腹开始，阵发绞痛或持续性疼痛阵发性加剧。\n    3．发热、恶心、呕吐、腹泻和腥臭血便。', '急性出血坏死性肠炎', '985', null, null, null, null, null, null, null);
INSERT INTO `sys_intelligent_guide_disease` VALUES ('154', '1．排便习惯改变和大便带血；\n    2．腹痛和腹部不适；\n    3．腹部肿块；\n    4．急、慢性肠梗阻症状；\n    5．贫血等慢性消耗性表现；\n    6．急性结肠穿孔和腹膜炎表现；\n    7．必要时有无慢性腹泻、息肉、血吸虫感染、胆囊切除术病史；\n    8．有无结肠癌家族史。', '结直肠癌', '985', null, null, null, null, null, null, null);
INSERT INTO `sys_intelligent_guide_disease` VALUES ('155', ' 1．便血：无痛性间歇性便后有鲜血是其特点，也是内痔早期常见的症状。轻者多为大便表面带血，继而滴血，重者为喷射状出血。便血常自行停止，这对诊断有重要意义。\n    2．痔核脱垂：常是晚期症状，多先有便血，后有脱垂。轻者只在排便时脱垂，便后可自行回复，重者需用手推回，更严重者稍加腹压即脱出肛门外。\n    3．疼痛：单纯性内痔无疼痛。当内痔或混合痔脱出嵌顿、栓塞而出现水肿、感染、坏死时，血栓性外痔、结缔组织外痔感染时则有不同程度的疼痛。\n    4．瘙痒：晚期内痔、痔核脱垂、结缔组织外痔等，肛周往往有瘙痒不适，甚至出现皮肤湿疹，患者极为难受。', '痔', '985', null, null, null, null, null, null, null);
INSERT INTO `sys_intelligent_guide_disease` VALUES ('156', ' 1．疼痛：因排便引起周期性疼痛为肛裂的主要症状。排便时，粪块刺激溃疡创面的神经未梢，立即感到肛门灼痛，但排便后数分钟疼痛缓解。以后因内括约肌痉挛，又产生剧痛，可持续半小时到数小时，直至括约肌疲劳后，肌肉松弛，疼痛才缓解。上述现象在临床上称肛裂疼痛周期。\n    2．便秘：因肛门疼痛不愿排便，久而引起便秘，粪便更为干硬，便秘又可使肛裂加重，如此形成恶性循环。\n     3．便血：排便时常在粪便表面或便纸上见有少量新鲜血迹或便后滴鲜血。大出血少见。\n     4．肛周瘙痒、有分泌物、腹泻等。', '肛    裂', '985', null, null, null, null, null, null, null);
INSERT INTO `sys_intelligent_guide_disease` VALUES ('157', '1．多数病人有肛管直肠周围脓肿病史。\n    2．肛旁反复流脓、出血。\n    3．局部常有瘙痒。', '肛    瘘', '985', null, null, null, null, null, null, null);
INSERT INTO `sys_intelligent_guide_disease` VALUES ('158', '1．肛门周围疼痛、发胀，排便或行走后加重。\n    2．严重者发热，白细胞升高等全身症状。', '肛管直肠周围脓肿', '985', null, null, null, null, null, null, null);
INSERT INTO `sys_intelligent_guide_disease` VALUES ('159', '1．持续性疼痛，便后加重。\n    2．少量便血，逐渐加重。\n    3．大便习惯改变，次数增多，有排粪不净感', '肛  管  癌', '985', null, null, null, null, null, null, null);
INSERT INTO `sys_intelligent_guide_disease` VALUES ('160', '1．多为B超检查而发现。\n    2．可伴上腹不适或慢性胆囊炎症状。\n    3．无症状。', '胆囊息肉样病变', '985', null, null, null, null, null, null, null);
INSERT INTO `sys_intelligent_guide_disease` VALUES ('161', '白带增多，呈灰黄色泡沫状，外阴骚痒，蚁走感或灼热感。可伴排尿痛及性交痛。', '滴虫性阴道炎', '994', null, null, null, null, null, null, null);
INSERT INTO `sys_intelligent_guide_disease` VALUES ('162', '外阴搔痒、灼热痛、白带多，呈凝乳状或豆渣样', '霉菌性阴道炎 ', '994', null, null, null, null, null, null, null);
INSERT INTO `sys_intelligent_guide_disease` VALUES ('163', '白带增多，白色或血性甚可呈脓性。', '老年性阴道炎  ', '994', null, null, null, null, null, null, null);
INSERT INTO `sys_intelligent_guide_disease` VALUES ('164', '1．白带多，呈乳白色粘液样，有时呈淡黄色脓性或血性。      2．腰骶部酸痛及下腹部坠痛。', '慢性宫颈炎', '994', null, null, null, null, null, null, null);
INSERT INTO `sys_intelligent_guide_disease` VALUES ('165', ' 1．常有产后、流产后或盆腔手术感染史，慢性盆腔炎史，原发或继发不孕史。      2．常有高热、寒战、头痛、食欲不振、下腹部疼痛、腹胀、腰痛、白带增多，有时在排尿、排便时出现疼痛症状。', '急性盆腔炎', '994', null, null, null, null, null, null, null);
INSERT INTO `sys_intelligent_guide_disease` VALUES ('166', '1．曾有急性盆腔炎的病史。      2．有下腹痛、腰痛、肛门坠胀、白带增多、低热、精神不振、全身不适以及失眠等，常在劳累、性交后、排便时及月经后加重。', '慢性盆腔炎及亚急性盆腔炎', '994', null, null, null, null, null, null, null);
INSERT INTO `sys_intelligent_guide_disease` VALUES ('167', '1．月经改变，浆膜下肌瘤及肌壁间小肌瘤无明显的月经改变。壁间肌瘤往往有持续性或不规则的阴道流血。      2．下腹部包块：肌瘤大于妊娠3个月大小以上可扪及，质地较硬，形态不规则。      3．腰疼、白带增多：因肌瘤使宫腔增大，内膜腺体增多，阴道分泌物增多。粘膜下肌瘤并感染坏死，阴道可排出奇臭脓性分泌物。      4．压迫症状：压迫膀胱可出现尿频，排尿障碍，压迫直肠可发生便秘或大便不畅等症状。     5．不孕：占30％～40％。      6．继发贫血：长期月经过多可引起贫血的一系列症状。', '子宫肌瘤', '994', null, null, null, null, null, null, null);
INSERT INTO `sys_intelligent_guide_disease` VALUES ('168', '1. 浸润前期的宫颈癌，可无症状，或仅有分泌物增多，粉色白带等宫颈糜烂的表现，部分患者可有接触出血（性交、阴道检查等）或排便后出血。      2. 浸润癌主要表现为阴道不规则出血或米汤状的恶臭分泌物，晚期可有腰骶部疼痛、尿闭及肾功能不全等继发性症状。', '宫 颈 癌', '994', null, null, null, null, null, null, null);
INSERT INTO `sys_intelligent_guide_disease` VALUES ('169', '1．末次妊娠情况；     2．有无葡萄胎史；      3．有无停经、不规则流血、咳痰带血、一过性肢体失灵、喷射性呕吐、失语、头痛。', '绒毛膜癌 ', '994', null, null, null, null, null, null, null);
INSERT INTO `sys_intelligent_guide_disease` VALUES ('170', '1．生育年龄妇女，有继发性进行性加重的痛经，常伴经期肛门坠胀感及性交痛;     2．部分病例有经量过多或经期延长;     3．约半数病例有不孕史;      4．异位灶在直肠、膀胱有周期性的血便血尿，异位灶在腹壁或会阴切口处则有周期性的疤痕疼痛和增大。', '子宫内膜异位症', '994', null, null, null, null, null, null, null);
INSERT INTO `sys_intelligent_guide_disease` VALUES ('171', ' 1．阴道有可还纳物脱出；     2．下腹坠感及腰酸；     3．大小便情况；   4．难产史及产后负重史；     5．有无长期咳嗽、便秘。', '子宫脱垂', '994', null, null, null, null, null, null, null);
INSERT INTO `sys_intelligent_guide_disease` VALUES ('172', '1．妊娠20周后出现高血压、水肿、蛋白尿；      2．头痛、胸闷、眼花、视力障碍、恶心、呕吐、右上腹痛、抽搐等；     3．详细询问妊娠前有无高血压、肾炎、糖尿病、癫痫、癔症等。      4．发病有关因素：精神过度紧张或受刺激使中枢神经系统功能紊乱时；寒冷季节或气温度化过大，特别是气压高时；年轻初产妇或高龄初产妇；营养不良，低蛋白血症者；子宫张力过高，如羊水过多、双胎、巨大胎儿及葡萄胎等；体型矮胖而体重指数[体重CKg/身高（Cm）2 ×100 ]＞0.24者；家族中有高血压史，尤其是孕妇之母有妊高征史者。', '妊娠高血压综合征', '994', null, null, null, null, null, null, null);
INSERT INTO `sys_intelligent_guide_disease` VALUES ('173', '在妊娠或分娩过程中有产科并发症史，而以并发弥漫性血管内凝血的致病因素者应警惕DIC的发生。如羊水栓塞、胎盘早剥、死胎稽留或过期流产、重度妊高征、重度肝炎合并妊娠、严重感染及各种类型的休克。', '弥漫性血管内凝血（DIC）', '994', null, null, null, null, null, null, null);
INSERT INTO `sys_intelligent_guide_disease` VALUES ('174', '1．已婚妇女,为实行计划生育，经夫妇双方同意，要求作结扎术而无禁忌证者；     2．因某种疾病如心脏病、肾脏病、严重遗传疾病等不宜再妊娠者。', '输卵管结扎术', '994', null, null, null, null, null, null, null);
INSERT INTO `sys_intelligent_guide_disease` VALUES ('175', '1．一般情况，年龄、胎次、产次、分娩史、月经史、一般健康情况，有无慢性病等；      2．月经异常的情况，发病时间、诱因、出血量、持续时间、出血性质、出血前有无停经史等；     3．有无引起贫血或阴道出血的内外科疾病，如缺铁性贫血、凝血功能障碍及生殖道外伤等。', '功能失调性子宫出血', '994', null, null, null, null, null, null, null);
INSERT INTO `sys_intelligent_guide_disease` VALUES ('176', '1．子宫性闭经      （1）先天性子宫缺陷：从无月经来潮；      （2）子宫内膜损伤：人流术、产后出血刮宫，造成子宫内膜损伤或炎症引起宫腔闭锁；     （3）子宫切除或子宫腔内放射治疗。', '闭    经', '994', '2．卵巢性闭经      （1）先天性卵巢发育不全或缺如；      （2）卵巢功能早衰：指40岁前绝经者；     （3）卵巢已切除或组织已破坏；     （4）卵巢功能性肿瘤。', '3．垂体性闭经      （1）低促性腺激素性闭经：常发生于低体重妇女；     （2）垂体梗死：产后大出血引起席汉综合征；      （3）垂体肿瘤：压迫下丘脑或垂体发生高催乳激素血症或溢乳。', '4．下丘脑性闭经：中枢神经系统下丘脑功能失调影响垂体进而影响卵巢。如特发性因素、精神因素、体重下降、闭经泌乳综合征、多囊卵巢综合征及其它内分泌异常。', null, null, null, null);
INSERT INTO `sys_intelligent_guide_disease` VALUES ('177', '1．多发于绝经期前后妇女；      2．阴道不规则出血及血性白带； 3．常有不孕、肥胖、高血压、糖尿病等病史；     4．下腹隐痛，下肢及腹壁水肿；     5．转移灶症状。', '子宫内膜癌', '994', null, null, null, null, null, null, null);
INSERT INTO `sys_intelligent_guide_disease` VALUES ('178', '1．早期肿瘤一般无明显的特殊症状，恶性者可以较早出现非特异性的胃肠道症状，如食欲不振、消化不良、腹胀、嗳气等；      2．肿瘤中等大小时，可感到腹胀，下腹坠胀，下腹扪及肿块；      3．肿瘤巨大者，腹部膨隆，可出现呼吸困难、心悸、不能平卧等症状；      4．恶性者短期内可出现腹胀、腹块、腹水、腰骶部疼痛、下肢水肿、静脉曲张、贫血及消瘦等恶病质；      5．功能性肿瘤可出现幼女的性早熟，生育年龄的月经紊乱（如不规则阴道流血、闭经）及绝经后阴道流血，分泌雄激素者还会有男性化表现；      6．肿瘤压迫或侵犯周围组织或器官时，会有尿频、血尿、便秘、便血及下腹痛、腰痛或坐骨神经痛等，发生蒂扭转、破裂、感染等并发症时，会出现明显或剧烈的腹痛。', '卵巢肿瘤', '994', null, null, null, null, null, null, null);
INSERT INTO `sys_intelligent_guide_disease` VALUES ('179', '1．停经史；      2．早孕反应剧烈，甚至妊高征表现；     3．不规则阴道流血、水泡样物流出；     4．下腹胀痛、隐痛；     5．有无咳痰带血；     6．贫血及感染症状。', '良性葡萄胎', '994', null, null, null, null, null, null, null);
INSERT INTO `sys_intelligent_guide_disease` VALUES ('180', '1. 产褥感染：是指分娩时及产褥期生殖道受病原体感染，引起局部和全身的炎性变化。      2. 产褥病率：是指分娩24小时以后的10日内，每日测量体温4次，体温有2次达到或超过38℃。可考虑其主要原因除以产褥感染为主外，尚包括生殖道以外的其他感染与发热。      3. 感染诱因：有无贫血、营养不良、胎膜早破、羊膜腔感染；分娩经过有无产程延长、产道损伤、产前产后出血，胎盘残留、各种产科手术操作等。      4. 全身症状：寒战、发热、恶心、呕吐。       5. 局部症状：腹痛、腹胀，会阴切口肿痛、恶露量及气味等。      6. 治疗经过：发病后有无治疗及用药情况和效果。', '产褥感染', '994', null, null, null, null, null, null, null);
INSERT INTO `sys_intelligent_guide_disease` VALUES ('181', ' 睑腺炎为细菌经睑腺在睑缘的开口侵入腺体引起的化脓性炎症，通常称为麦粒肿。皮脂腺发生的感染为外麦粒肿，由睑板腺发生的感染为内麦粒肿。      外麦粒肿初起发痒，逐渐加剧，眼睑皮肤有局限性红、肿、热、痛，起于外眦部者症状更显著。内麦粒肿临床症状相对稍缓和。如致病菌毒性强烈，可伴有恶寒、发热全寻症状。', '睑腺炎', '993', null, null, null, null, null, null, null);
INSERT INTO `sys_intelligent_guide_disease` VALUES ('182', '睑板腺囊肿为睑板腺排出管道阻塞、分泌物潴留形成的睑板腺慢性肉芽肿。 睑板上可触及单个或2—3个无红痛之结节样硬性肿块，大如樱桃，小如绿豆。病程进行缓慢，可长期不变或逐渐长大。小型者可自行吸收，有的可自行破溃，排出胶样内容物。', '睑板腺囊肿', '993', null, null, null, null, null, null, null);
INSERT INTO `sys_intelligent_guide_disease` VALUES ('183', ' 睑缘炎是睑缘表面睫毛毛囊及其腺体组织的亚急性或慢性炎症，病因复杂。一般与细菌感染、理化刺激、屈光不正，慢性结膜炎、溢泪、隐斜，不良卫生习惯和身体衰弱有关。 ', '睑缘炎', '993', null, null, null, null, null, null, null);
INSERT INTO `sys_intelligent_guide_disease` VALUES ('184', '良性黑色素细胞瘤又称色素痣，是眼睑皮肤上扁平或隆起的病变，可在幼年时即有 色素，或至青春期、成人早年才出现色素。生长缓慢，无刺激症状。', '良性黑色素细胞瘤', '993', null, null, null, null, null, null, null);
INSERT INTO `sys_intelligent_guide_disease` VALUES ('185', '常见于中老年人，上睑内眦部皮肤出现软性扁平黄色斑。与正常皮肤境界清。从不蔓延至皮下，为类脂质代谢异常引起。', '黄色瘤', '993', null, null, null, null, null, null, null);
INSERT INTO `sys_intelligent_guide_disease` VALUES ('186', '(一)多见于老年人，好发于下睑及内眦，其次为上睑和外眦。病程长，发展慢，无疼痛不适。      (二)病变初起为一轻度隆起，半透明，珍珠样小硬结，周围血管曲张，表面覆有痂皮鳞屑，继而中央形成溃疡，糜烂出血。      (三)溃疡浅在，向平面发展。病变质硬，边缘隆起内卷，外观呈火山口状，上有毛细血管及痂皮，揭之易出血。      (四)色素性基底细胞癌具有上述特征，但富含色素，似黑痣恶变，易误为恶性黑色素瘤。     (五)溃疡可向深部发展，晚期侵犯结膜、泪器、眼球眼眶及鼻背、鼻旁窦，很少向远处转移。 ', '基底细胞癌', '993', null, null, null, null, null, null, null);
INSERT INTO `sys_intelligent_guide_disease` VALUES ('187', '(一)多见于50岁以上的女性，好发于上睑，大多数发展较慢，少数病例恶性程度高，发展快，易转移。      (二)初起时睑板面有一无痛性逐渐长大之小硬结，边缘清楚，表面皮肤完整，相应之结膜面稍充血，可有黄白色豆腐渣样斑块状物。对临床反复发作的“霰粒肿”应提高对本病的警惕。      (三)若睑缘受累可继发睑缘炎：睑缘皮肤萎缩，秃睫，继而在睑缘可形成痣样肉芽肿或乳头状肿块。      (四)肿瘤在睑板内弥漫性增长，可突出于睑板或穿破皮肤，形成黄白色叶状肿块，表面有溃疡和出血，晚期可发生耳前或颌下淋巴结转移。', '睑板腺癌 ', '993', null, null, null, null, null, null, null);
INSERT INTO `sys_intelligent_guide_disease` VALUES ('188', '(一)睫毛向后或不规则生长触及眼球、角膜，患眼疼痛流泪，持续性异物感。     (二)倒睫长期摩擦眼球、角膜，可致结膜充血、血管新生，手电筒侧照可见角膜浅层灰白色混浊，重者可引起角膜溃疡。', '倒睫与乱睫', '993', null, null, null, null, null, null, null);
INSERT INTO `sys_intelligent_guide_disease` VALUES ('189', '(一)睑缘内卷，部分或全部睫毛倒向眼球表面。  (二)相应部位球结膜充血，严重者可致角膜混浊、溃疡，视力不同程度减退。 (三)有流泪、怕光、溢泪刺激症状，异物感、磨擦感，致角膜溃疡者有眼痛。', '睑内翻', '993', null, null, null, null, null, null, null);
INSERT INTO `sys_intelligent_guide_disease` VALUES ('190', '(一)眼睑向外翻转，结膜暴露。      (二)下睑外翻波及下泪小管，导致溢泪及下睑湿疹。      (三)眼睑外翻，结膜长期暴露致干燥充血，久之变粗糙肥厚。严重者可发生暴露性角、结膜炎，甚至发生角膜溃疡、混浊。患者可表现为有流泪、怕光、溢泪刺激症状，异物感。', '睑外翻 ', '993', null, null, null, null, null, null, null);
INSERT INTO `sys_intelligent_guide_disease` VALUES ('191', '(一)单眼或双眼提上睑肌功能不全或丧失，自然睁眼平视时，轻者上睑缘遮盖角膜上缘超过3mm，中等程度下垂遮盖角膜l／2，重度下垂者超过角膜l／2或遮盖全部角膜。     (二)双眼上视时，下垂侧眉毛高竖，以额肌皱缩来补偿提上睑肌功能的不足，患侧额部皮肤有明显横行皱纹。双侧下垂者常需仰头视物。先天性上睑下垂有的可合并上直肌功能不全或麻痹。      (三)重症肌无力引起的肌原性上睑下垂可以是单侧性，但多为双侧性的，伴有或不伴有眼外肌运动障碍。晨起时症状较轻，渐之症状加重，肌肉运动越多上睑下垂越明显。', '上睑下垂 ', '993', null, null, null, null, null, null, null);
INSERT INTO `sys_intelligent_guide_disease` VALUES ('192', '患者有不同程度的溢泪。长期拭泪可造成下泪点外翻、局部皮肤湿疹，有时有慢性 泪囊炎的临床表现。泪小点狭窄或(和)阻塞者，可发现泪小点开口狭小或(和)阻寒。', '泪道狭窄或阻塞', '993', null, null, null, null, null, null, null);
INSERT INTO `sys_intelligent_guide_disease` VALUES ('193', '泪囊部(内眦韧带下方)红、肿、热、痛明显，常波及眼睑及颜面部。结膜充血、水肿，眼睑肿胀，颌下及耳前淋巴结肿大。全身可有发热、不适。数日后局部形成脓点，破溃排出脓液后炎症消退。易形成泪囊瘘管，并反复发作。 ', '急性泪囊炎', '993', null, null, null, null, null, null, null);
INSERT INTO `sys_intelligent_guide_disease` VALUES ('194', '多见于老年女性。泪溢使泪囊部皮肤潮红、糜烂，出现慢性湿疹表现。挤压泪囊区，有粘液或粘脓性分泌物自泪小点溢出。鼻侧球结膜充血。如泪囊区分泌物长期不排出，则泪囊可逐渐增大形成囊肿，突出于泪囊部。', '慢性泪囊炎', '993', null, null, null, null, null, null, null);
INSERT INTO `sys_intelligent_guide_disease` VALUES ('195', '(一)起病急，双眼同时或先后发病。常有接触患者病史。多见于春夏两季。      (二)患眼红、烧灼感，或伴有畏光、流泪。分泌物多，为脓性或粘脓性，早晨起床时，上下睑睫毛常被分泌物粘合在一起。视力一般不受影响，如分泌物附于角膜表面时可致一过性视力模糊或虹视。', '急性细菌性结膜炎', '993', null, null, null, null, null, null, null);
INSERT INTO `sys_intelligent_guide_disease` VALUES ('196', '（一)症状：眼痒，烧灼感，干涩感，眼刺痛及视疲劳。     (二)体征：结膜轻度充血，可有睑结膜增厚、乳头增生，分泌物为粘液性或白色泡沫样。邻近组织感染引起者可有相应表现，如睑缘炎、泪腺炎。', '慢性卡他性结膜炎', '993', null, null, null, null, null, null, null);
INSERT INTO `sys_intelligent_guide_disease` VALUES ('197', ' 是由腺病毒引起，起病急，常为双眼，可先后发病，视力有不同程度减退。常常流行发生。', '流行性角结膜炎', '993', null, null, null, null, null, null, null);
INSERT INTO `sys_intelligent_guide_disease` VALUES ('198', '(一)一般起病缓慢，多为双眼发病，但轻重程度可有不等。    (二)急性期症状：畏光、流泪、异物感，较多粘液或粘液脓性分泌物。慢性期无明显不\n  - 17 -  适，仅眼痒、异物感、干燥和烧灼感，甚或无不适。重复感染时，或加杂细菌感染时，刺激症状可更重，且可出现视力减退。晚期因后遗症，症状更明显，可严晕影响视力，甚至失明。    (三)体征：急性期：可出现眼睑红肿，结膜高度充血，乳头增生，上下穹窿部结膜；满布滤泡，可合并弥漫性角膜上皮炎及耳前淋巴结肿大。慢性期：结膜充血减轻，污秽肥厚，同时有乳头及滤泡增生，病变以上穹窿及睑板上缘结膜显著，并可出现角膜血管翳，且在病变过程中，结膜的病变逐渐为结缔组织所取代，形成瘢痕结膜的睑板下沟处，渐成网状，最后全部变成白色平滑的瘢痕，沙眼性角膜血营翳。     (四)后遗症与并发症：睑内翻与倒睫、上睑下垂、睑球粘连、角膜混浊、实质性结膜干燥症、慢性泪囊炎。 ', '沙眼', '993', null, null, null, null, null, null, null);
INSERT INTO `sys_intelligent_guide_disease` VALUES ('199', '急性起病；多为局部药物或其它抗原过敏引起，常见的有阿托品、青霉素等；局部奇痒，可有异物感，伴有结膜分泌物。', '过敏结膜炎', '993', null, null, null, null, null, null, null);
INSERT INTO `sys_intelligent_guide_disease` VALUES ('200', '常仅出现于一眼，可发生于任何年龄，通常与全身疾病无关，偶尔有剧咳、呕吐等病史。     出血初期呈鲜红色，以后随着血液的吸收逐渐变为棕色。 ', '结膜下出血', '993', null, null, null, null, null, null, null);
INSERT INTO `sys_intelligent_guide_disease` VALUES ('201', '急性鼻炎发病初期，病人可以感觉到鼻腔内干燥、无鼻涕、全身不舒服，约1-3天后可以感觉到鼻子不通气，打喷嚏，；流清水样鼻涕，嗅觉不灵敏，全身不舒服加重，可以有低烧全身酸痛等。2-7天后，鼻子不通气更重，流脓鼻涕，出现头痛、咽痛、咳嗽、发热和明显全身发痛，在过2-3天后，以上症状就会逐渐减轻，以至痊愈。', '急性鼻炎', '979', null, null, null, null, null, null, null);
INSERT INTO `sys_intelligent_guide_disease` VALUES ('202', '主要症状为间歇性、交替性鼻塞和鼻腔分泌物增多，偶有头痛和说话时带鼻音。', '慢性单纯性鼻炎 ', '979', null, null, null, null, null, null, null);
INSERT INTO `sys_intelligent_guide_disease` VALUES ('203', '鼻塞持续性，可轻可重，单侧或双侧均可发生，应用血管收缩剂，无明显改善。长期鼻塞，影响鼻腔及鼻窦引流，患者常感头部门胀感，全身不适，精神倦怠。嗅觉减退，说话时带有闭塞性鼻音，睡眠时可有鼾音，下鼻甲后端肥大，常影响咽鼓管通气，致耳鸣和重听。鼻塞引起的张口呼吸及鼻涕后流，刺激咽喉部粘膜反复地感染，引起咽喉炎。', '肥厚性鼻炎', '979', null, null, null, null, null, null, null);
INSERT INTO `sys_intelligent_guide_disease` VALUES ('204', '1、 鼻部、咽部干燥 2、 鼻塞 3、 鼻出血 4、 头痛 5、 嗅觉丧失 6、 呼吸恶臭', '萎缩性鼻炎', '979', null, null, null, null, null, null, null);
INSERT INTO `sys_intelligent_guide_disease` VALUES ('205', '常年性变态反应性鼻炎，呈阵发性发作，鼻内发痒，连续喷嚏，大量清水样鼻涕，且有鼻塞和嗅觉减退，严重时可有头晕、头胀、耳鸣、重听和流泪等，大多数症状来得快，消失也快。此病常年发作，无明显季节性，多于吸入灰尘内的过敏物质有关。 ', '变态反应性鼻炎', '979', '季节性变态反应性鼻炎多在花粉季节发生，除鼻部症状外，尚有眼痒，流泪，咽喉，气管发痒咳嗽。此病发作是季节性，多在春秋开花季节，以秋季为多。', null, null, null, null, null, null);
INSERT INTO `sys_intelligent_guide_disease` VALUES ('206', '鼻塞是鼻息肉的主要症状，鼻塞的轻重视息肉的大小和位置而定，大多数为持续性，如蒂较长可随呼吸而动，这与鼻炎、鼻甲肥大有所不同。其次是因鼻塞所引起的其他症状，如：阻塞鼻窦开口使患者常感头痛、头胀，阻塞嗅区可使嗅觉下降，阻塞整个鼻道说话时带闭塞性鼻音、睡眠时打鼾，后鼻孔息肉阻塞咽鼓管引起耳鸣和听力下降。合并感染可流脓性鼻涕。', '鼻息肉', '979', null, null, null, null, null, null, null);
INSERT INTO `sys_intelligent_guide_disease` VALUES ('207', '鼻出血多为单侧，亦可为双侧；可间歇反复出血，亦可为持续性出血；出血量多少不一，轻者仅为涕中带血，重者可引起失血性休克，反复出血可导致贫血。', '鼻出血', '979', null, null, null, null, null, null, null);
INSERT INTO `sys_intelligent_guide_disease` VALUES ('208', '1、鼻塞 2、流涕 3、嗅觉障碍 4、疼痛及头痛', '鼻窦炎', '979', null, null, null, null, null, null, null);
INSERT INTO `sys_intelligent_guide_disease` VALUES ('209', '临床上常见的是鼻腔及鼻窦内翻性乳头状瘤，此病男多于女，80%见于30-40岁，绝大多数为单侧，根据病程，肿瘤的大小与部位，临床症状主要为一次鼻塞，同时又出现鼻涕带血或反复鼻出血，嗅觉减退及头痛，如果肿瘤长大，阻碍鼻窦引流，可并发鼻窦炎，晚期波及邻近器官，可发生眼球移位及面颊部变形等。', '乳头状瘤', '979', null, null, null, null, null, null, null);
INSERT INTO `sys_intelligent_guide_disease` VALUES ('210', '可发生于任何年龄，但多见于青壮年，儿童患者较少，临床上可分为毛细血管瘤和海绵状血管瘤两类，以前者多见，多发生于鼻中隔前下部，鼻底、中鼻甲、筛窦下鼻道侧壁等处也可发生。鼻腔海绵状血管瘤，上颌窦毛细血管瘤、鼻骨血管瘤则少见。症状主要有进行性鼻阻塞，即鼻塞呈渐进性加重伴反复鼻出血，有时出血很剧烈。肿瘤向邻近组织扩展，可引起面部畸形、眼球移位、弱视、复视、头痛等。', '鼻部血管瘤', '979', null, null, null, null, null, null, null);
INSERT INTO `sys_intelligent_guide_disease` VALUES ('211', '1、基底细胞癌：好发于鼻翼、鼻尖，发展缓慢，不转移，刚开始时为一突起的有皮屑的灰白或黄色的小硬结。无红肿、热、痛等炎症性表现，渐渐地小硬结发展为一边缘较硬的溃疡，与健康皮肤分界明显，继续发展可破坏外鼻、面部及口唇皮肤黏膜。 2、鳞状细胞癌：刚开始时像菜花样，发展较快，也能发展为溃疡，容易出血且向深层破坏，常有颈部淋巴结转移。', '外鼻恶性肿瘤', '979', null, null, null, null, null, null, null);
INSERT INTO `sys_intelligent_guide_disease` VALUES ('212', '原发于鼻腔的恶性肿瘤：早期症状就是由一侧鼻不通气，开始为间歇性，后发展为持续性不通气，病人经常鼻出血或流血性鼻涕，有些病人可有头胀、头闷、头痛，一侧嗅觉减退或丧失，但因为另一侧嗅觉正常，病人常忽视此症状，较晚期的病人，肿瘤可向邻近器官扩散，侵入鼻窦、眼眶，表现为相应器官受压、破坏，出现相应的症状。', '鼻腔恶性肿瘤', '979', null, null, null, null, null, null, null);
INSERT INTO `sys_intelligent_guide_disease` VALUES ('213', '1、 上颌窦恶性肿瘤：早期肿 瘤较小，而上颌窦窦腔较大，肿瘤常局限于窦腔内的某一部位，因被窦壁包围，多无明显症状，偶尔可能发现中鼻道有血液排出或有带血鼻涕，随着病变的发展，可以出现下列症状：（1）面颊疼痛和麻木  （2）牙齿疼痛麻木和松动 （3）脓血性鼻涕 （4）鼻不通气为一侧进行性发展的鼻不通气，系肿瘤推动鼻腔外壁或肿瘤突入鼻腔所致。 （5）面部、鼻部畸形  （6）眼部症状：流泪，视力模糊  （7）硬腭下塌 （8）侵入翼腭窝 （9）颈部淋巴结转移', '鼻窦恶性肿瘤', '979', '2、筛窦恶性肿瘤：早期肿瘤局限于筛房内时，没有侵犯邻近器官，可无症状不容易发现。侵入鼻腔则出现一侧鼻不通气，流带血鼻涕、头痛，嗅觉减退等症状，筛窦位于两眼眶之间，肿瘤发展可早期侵入眶内，使眼球向外、前上移位或外、前、下移位，并有复视，如果肿瘤向后发展可导致突眼，动眼神经瘫痪眼球运动障碍，上眼脸下垂、视力下降、甚至失明。如侵入泪囊，可以致流泪，如肿瘤侵入颅内麦克尤剧烈头痛，晚期可在同侧颌下或颈上部发现肿大淋巴结。', '3、额窦恶性肿瘤：原发于额窦的恶性肿瘤非常少见，早期多没有症状，此后，可有局部肿胀、疼痛、鼻出血等，也可出现眼球移位、突眼、复视等。', '4、蝶窦恶性肿瘤：原发于蝶窦的肿瘤极其少见，但可以从鼻腔、鼻咽、筛窦和脑内的恶性肿瘤发展而来，晚期时可发生\n眼球移位，运动障碍、视力减退等症状。', null, null, null, null);
INSERT INTO `sys_intelligent_guide_disease` VALUES ('214', '急性咽炎，顾名思义此病发病时较急的，病人首先觉得咽部发干，火辣辣的痛，然后疼痛加重，吞咽唾液时疼痛比进食明显。由于炎症的刺激，咽部粘稠的分泌物增多，这些分泌物可以引起刺激性咳嗽。病情较重时悬雍垂即小舌头可以发生肿胀，此时说话时常带鼻音。另外急性咽炎还可出现听力下降，有时可以发烧、头晕、全身乏力等。', '急性咽炎', '979', null, null, null, null, null, null, null);
INSERT INTO `sys_intelligent_guide_disease` VALUES ('215', '1、 咽部发干不适，异物感， 好似咽部有异物卡住，咳不出咽不下，有时伴有轻度疼痛，有咽部刺痒、干咳等。但进食无困难。 2、 咽部分泌物增多，有粘稠 痰，有时可不出来，故经常做清嗓子动作。长期用力咳嗽可使炎症加重，吐白色粘痰，严重者可有恶心、呕吐，晨起漱口刷牙时可出现。严重时咳出的分泌物有血丝。  3、 遇气候变化时或吸入寒冷 干燥的空气时加重。发音讲话不能持久，向上下蔓延至鼻咽及喉部，可以出现听力下降及声音嘶哑等。 ', '慢性咽炎', '979', null, null, null, null, null, null, null);
INSERT INTO `sys_intelligent_guide_disease` VALUES ('216', '一、全身表现1、起病急，畏寒高热，体温可高达39°C-40°C。一般为时3-5天。2、头痛、食欲不振、疲乏无力、腰背及四肢酸痛等。3、小儿可因高热引起昏睡、抽搐、或呕吐。', '急性扁桃体炎', '979', '二、局部表现 1、以咽痛为主，往往始于一侧，继而波及对侧，吞咽或咳嗽时咽痛加剧，疼痛重者可发生吞咽困难，也可通过神经反射至耳部，引起耳深部疼痛。2、有时因软腭运动失灵而使说话含糊不清。3、炎症可波及咽鼓管，引起其发炎、水肿导致耳闷、耳鸣、耳痛及听力下降。4、由葡萄球菌感染者扁桃体肥大较显著，在幼儿有时可引起呼吸困难。', null, null, null, null, null, null);
INSERT INTO `sys_intelligent_guide_disease` VALUES ('217', '1、咽部不适、发干、发痒或疼痛时最常见症状。2、反复的伤风感冒，可一月发作数次。3、口臭4、呼吸、吞咽、语言障碍。5、全身症状：消化不良、营养障碍、发音迟缓、头痛乏力、低热、慢性贫血等全身中毒症状。', '慢性扁桃体炎', '979', null, null, null, null, null, null, null);
INSERT INTO `sys_intelligent_guide_disease` VALUES ('218', '一、全身症状：主要为慢性中毒及神经反射症状。夜不安眠，睡后有鼾声，张口呼吸，仰卧时鼾声加重，侧卧鼾声减轻或消失。常被恶梦惊醒。日间则精神不振，对游戏和学习不感兴趣，注意力不集中，食欲不佳。日久可发生营养及全身发育障碍，患儿多表现有贫血、反应迟钝、烦躁不安、夜间磨牙、遗尿、喉痉挛或哮喘发作等等。患儿常诉有头痛。', '腺样体肥大', '979', '二、局部症状1、鼻黏膜淤血，鼻腔粘膜肿胀，形成顽固性鼻炎。此外尚有鼻出血、鼻前庭炎和上唇湿疹及闭塞性鼻音。2、由于长期张口呼吸，可影响面部骨骼发育而出现上颌骨狭窄，硬腭高拱，切牙突出、牙列不齐、咬合不良、鼻中隔偏曲、下颌骨下垂、上唇矮厚外翻，下唇悬挂。外眼角下垂、鼻唇沟变浅、目呆口张、表情淡漠的面容，称之为“腺样体面容”。  3、因呼吸不畅，肺扩张不好，可影响胸部发育而形成狭胸或“鸡胸”。 4、腺样体肥大可影响咽鼓管引流或阻塞咽鼓管咽口，可引起反复发作的卡他性中耳炎，形成传音性耳聋而出现听力下降。 5、因分泌物沿咽部下流并引起刺激，患儿可出现呛咳、慢性气管支气管炎和低热。 6、长期严重的腺样体肥大所致上呼吸道慢性阻塞，可引起肺源性心脏病的慢性上呼吸道阻\n塞综合症', null, null, null, null, null, null);
INSERT INTO `sys_intelligent_guide_disease` VALUES ('219', '1、疾病早期先有后眼部发痒、微痛、异物感等。2、声音嘶哑：可从轻度声嘶以至完全是银，自觉讲话困难而费力。3、咳嗽、因炎症刺激、早期干咳呈痉挛性，咳时可有咽痛，常在夜间加剧，随之3-5日后可有较粘稠脓性分泌物咳出。4、呼吸困难：炎症水肿明显者可有呼吸困难。5、全身症状：伴有上呼吸道感染，则有鼻塞、头痛、体温升高、全身不适等。', '急性喉炎', '979', null, null, null, null, null, null, null);
INSERT INTO `sys_intelligent_guide_disease` VALUES ('220', '最明显的症状是声音嘶哑即通常所说的嗓子哑，患者说话时声音变得低沉、粗糙，一般在早晨起床后症状较重，而起床后活动增加，喉部分泌物咳出，声嘶可慢慢好转。因夜间分泌物积聚，第二天晨起时又会变差，慢性喉炎的患者在禁声即停止说话后，嗓子哑可明显减轻，但若过多讲话，则会加重，开始时多时好时坏，以后则变成持久性声音嘶哑。另外，患者常感喉部有不舒服的感觉如疼痛、烧灼感、发痒，似乎有什么东西堵塞喉部、嗓子发干等。为了减轻这些不舒服的感觉如疼痛，患者常需咳嗽不止，这种咳嗽通常没有痰液咳出，即所谓的“无用之咳”，这是慢性喉炎的一个特有症状。', '慢性喉炎', '979', null, null, null, null, null, null, null);
INSERT INTO `sys_intelligent_guide_disease` VALUES ('221', '临床表现：常以急性炎症性是出现，初期自觉患侧磨牙后去肿胀不适，进食咀嚼、吞咽、开口活动时疼痛加重。病情发展后呈自发性跳痛或沿耳颞神经分布区产生放射性痛。口腔局部可见智齿萌出不全，智齿周围软组织不同程度的肿胀。智齿冠周炎可引起邻近组织器官或筋膜间隙感染。 ', '智齿冠周炎', '1014', null, null, null, null, null, null, null);
INSERT INTO `sys_intelligent_guide_disease` VALUES ('222', '肿胀范围波及内眦，眼睑，颧部皮肤。肿胀去皮肤发红，张力增大眼睑水肿，睑裂变窄，鼻唇沟消失。脓肿形成后，眶下区可触及波动感，口腔前庭肿胀明显，压痛，扪及波动。', '眶下间隙感染', '1014', null, null, null, null, null, null, null);
INSERT INTO `sys_intelligent_guide_disease` VALUES ('223', '颊部皮下或粘膜下脓肿，进展缓慢，肿胀及脓肿的范围较为局限。感染波及颊脂垫时，炎症发展迅速，波及整个颊部，并向其相通的间隙扩散。', '颊间隙感染', '1014', null, null, null, null, null, null, null);
INSERT INTO `sys_intelligent_guide_disease` VALUES ('224', '肿胀范围可仅局限或同时有腮腺咬肌区，颊部眶部颧部等区广泛肿胀，有凹陷性水肿，压痛咀嚼痛和不同程度的张口受限。脓肿形成后，颞浅间隙脓肿可触及波动感。', '颞间隙感染', '1014', null, null, null, null, null, null, null);
INSERT INTO `sys_intelligent_guide_disease` VALUES ('225', '以下颌支及下颌角为中心的咬肌区肿胀，变硬，压痛伴明显张口受限。', '咬肌间隙感染', '1014', null, null, null, null, null, null, null);
INSERT INTO `sys_intelligent_guide_disease` VALUES ('226', '临床表现：多发于强壮年，男性较多，以下颌骨多发。  急性期特点：全身发热、寒战、疲倦无力、食欲不振，白细胞增多；局部有剧烈跳痛，口腔黏膜及面颊部软组织肿胀、充血，可继发颌周急性蜂窝织炎，病原牙扣痛及伸长感', '化脓性颌骨骨髓炎', '1014', '慢性期特点：全身症状轻，体温正常或仅有低热，全身消瘦，贫血、机体呈慢性中毒消耗症状。局部肿胀，皮肤微红，口腔内或面颊部可出现多数瘘道孔溢脓，肿胀牙松动。', null, null, null, null, null, null);
INSERT INTO `sys_intelligent_guide_disease` VALUES ('227', '临床表现：骨折段移位、咬合错乱、骨折段异常动度、下唇麻 张口受限、牙龈撕裂。', '下颌骨骨折', '1014', null, null, null, null, null, null, null);
INSERT INTO `sys_intelligent_guide_disease` VALUES ('228', '骨折线、骨折段移位、咬合关系错乱、眶及眶周变化颅脑损伤', '上颌骨骨折 ', '1014', null, null, null, null, null, null, null);
INSERT INTO `sys_intelligent_guide_disease` VALUES ('229', '临床表现：颧面部塌陷畸形、张口受限、复视、神经症状、瘀斑2）临床诊断：可根据病史、临床特点和X线片检查明确诊断', '颧骨及颧弓骨折', '1014', null, null, null, null, null, null, null);
INSERT INTO `sys_intelligent_guide_disease` VALUES ('230', '临床表现：常见于口底舌下腺，表现为口底粘膜呈指状突起，粘膜色泽正常，无扪压痛，破溃后流出蛋清样液体。', '舌下腺囊肿', '1014', null, null, null, null, null, null, null);
INSERT INTO `sys_intelligent_guide_disease` VALUES ('231', '临床表现：多见于儿童及青年。生长缓慢，呈圆形。囊肿与周围组织无粘连，囊肿坚韧有弹性，似面团样 ', '皮样或表皮样囊肿', '1014', null, null, null, null, null, null, null);
INSERT INTO `sys_intelligent_guide_disease` VALUES ('232', '临床表现：多见于1-10岁的儿童，其可发生于颈正中线任何部位，以舌骨上下最常见。生长缓慢，圆形，质软，界清，与周围组织无粘连。 ', '甲状舌管囊肿', '1014', null, null, null, null, null, null, null);
INSERT INTO `sys_intelligent_guide_disease` VALUES ('233', '临床表现：多发生于青壮年，生长缓慢，初期无自觉症状，长时间骨质逐渐向周围膨胀，形成面部畸形。囊肿更大时骨质变薄，扪诊时可有乒乓球样感觉，并有羊皮纸样脆裂声，最后骨板吸收，可有波动感', '牙源性颌骨囊肿', '1014', null, null, null, null, null, null, null);
INSERT INTO `sys_intelligent_guide_disease` VALUES ('234', '临床表现：多见于女性，多发生于牙龈乳头部。最常见前磨牙区，肿块较局限，呈圆球或椭圆形，有时呈分叶状，大小不一，。在女性妊娠期可能迅速增大。', '牙龈瘤', '1014', null, null, null, null, null, null, null);
INSERT INTO `sys_intelligent_guide_disease` VALUES ('235', '临床表现：生长缓慢，无痛肿块、质地硬、大小不等、表面光滑、边缘清楚，与周围无粘连，移动度可。呈球形或结节状，切面呈灰白色。', '纤维瘤 ', '1014', null, null, null, null, null, null, null);
INSERT INTO `sys_intelligent_guide_disease` VALUES ('236', '临床表现：多发生于青壮年，以下颌体积下和较为常见。生长缓慢，逐渐使颌骨膨大，造成畸形，面部不对称，可影响颌骨运动度，压迫神经等症状。', '成釉细胞瘤', '1014', null, null, null, null, null, null, null);
INSERT INTO `sys_intelligent_guide_disease` VALUES ('237', '临床表现：多见于婴儿出生时或出生后不久（一个月之内）。可自发性消退，病程分为增生期、消退期及消退完成期。增生期约婴儿4周以后，生长快速，四周以晕状白色区域，迅即变为红斑并高出皮肤，高低不平似杨梅状。一年后进入消退期，缓慢可留下色素沉着。', '血管瘤', '1014', null, null, null, null, null, null, null);
INSERT INTO `sys_intelligent_guide_disease` VALUES ('238', '临床表现：多发生于中年，男性多于女性，多单侧受累。病人不明确起病时间，因腮腺反复肿胀而就诊。检查腮腺稍增大，能扪到肿大的腮腺轮廓，中等硬度，轻微压痛。', '慢性阻塞性腮腺炎', '1014', null, null, null, null, null, null, null);
INSERT INTO `sys_intelligent_guide_disease` VALUES ('239', '临床表现：常为单侧受累。早期赛先区有轻微疼痛、肿大、压痛。导管口轻\n口腔常见病诊疗常规    5  度红肿、疼痛。化脓期时疼痛加剧，呈持续性疼痛或跳痛，腮腺区以耳垂为中心肿胀更为明显，耳垂被上抬。进步法展炎症扩散周围组织，伴蜂窝织炎，皮肤发红、水肿，成硬性浸润，触痛明显，可伴轻度张口受限。轻按摩纤体可见腮腺导管口脓液溢出。病人全身中毒症状明显，体温可高达40℃以上，脉搏、呼吸增快，白细胞总数增加中性粒比例明显上升，核左移，可出现中毒颗粒。', '急性化能行腮腺炎 ', '1014', null, null, null, null, null, null, null);
INSERT INTO `sys_intelligent_guide_disease` VALUES ('240', '临床表现：以20-40岁中青年多见。小的涎石不造成导管阻塞，无症状。导管阻塞时则出现排唾障碍及继发感染症状及体征，进食时腺体肿大，有胀感及疼痛，疼痛剧烈是呈针刺样称为“涎绞痛”，导管口粘膜红肿，导管内的涎石，双手触诊时常可触及硬块有压痛，涎石阻塞引起腺体继发感染。', '涎石病和下颌下腺炎', '1014', null, null, null, null, null, null, null);
INSERT INTO `sys_intelligent_guide_disease` VALUES ('241', '骨折部位肿胀、瘀斑，肩关节活动使疼痛加重，有局限性压痛、骨摩擦感。 ', '锁骨骨折', '973', null, null, null, null, null, null, null);
INSERT INTO `sys_intelligent_guide_disease` VALUES ('242', '受伤后，上臂出现疼痛、肿胀、畸形、皮下瘀斑、上肢活动障碍。检查可发现假关节活动、骨摩擦感、骨传导音减弱或消失。若合并桡神经损伤，可出现垂腕，各手指掌指关节不能背伸，拇指不能伸，手背桡侧两个半指皮肤感觉减退或消失。', '肱骨干骨折', '973', null, null, null, null, null, null, null);
INSERT INTO `sys_intelligent_guide_disease` VALUES ('243', '伤后髋部疼痛，下肢活动受限，不能站立和行走。患肢短缩，呈轻度外旋畸形。活动障碍。', '股骨颈骨折', '973', null, null, null, null, null, null, null);
INSERT INTO `sys_intelligent_guide_disease` VALUES ('244', '伤后局部肿胀、疼痛，肩关节功能障碍，压痛明显，外部畸形不明显，摸之肩锁关节高低不平，为半脱位；外部畸形，肩峰低陷，锁骨外端隆起，为全脱位。', '肩锁关节脱位', '973', null, null, null, null, null, null, null);
INSERT INTO `sys_intelligent_guide_disease` VALUES ('245', '病人有明显的外伤史。脊背部肌痉挛，骨折部有压痛和叩击痛，颈椎骨折时，屈伸运动或颈部回旋运动受限。胸椎骨折并肋骨骨折时可呼吸受限或呼吸音减弱。腰椎骨折时腰部有明显压痛，伸、曲下肢感腰痛。因腰椎骨折致腹膜后血肿，病人腹胀、肠鸣音减弱，腹部有压痛或反跳痛。', '脊柱骨折', '973', null, null, null, null, null, null, null);
INSERT INTO `sys_intelligent_guide_disease` VALUES ('246', '腰痛和坐骨神经痛，下腹部痛或大腿前侧痛，麻木，间歇性跛行，马尾综合征，肌瘫痪。 ', '腰椎间盘突出症 ', '973', null, null, null, null, null, null, null);
INSERT INTO `sys_intelligent_guide_disease` VALUES ('247', '肩胛区出现疼痛、肿胀、皮下瘀血，压痛，骨擦感阴性不能排除肩胛骨骨折。患侧肩关节及上肢活动功能受限。', '肩胛骨骨折 ', '973', null, null, null, null, null, null, null);
INSERT INTO `sys_intelligent_guide_disease` VALUES ('248', '前臂损伤部位可出现肿胀、皮下瘀血、畸形，压痛、反常活动、骨擦音阳性、纵向叩击功能障碍。孟氏骨折、桡骨小头或桡骨颈骨折、尺骨鹰嘴骨折可有肘关节肿胀和功能障碍。盖氏骨折、Colles骨折、Smith骨折、Barton骨折则可有腕关节肿胀、畸形、功能障碍。', '尺桡骨骨折', '973', null, null, null, null, null, null, null);
INSERT INTO `sys_intelligent_guide_disease` VALUES ('249', '肢体疼痛，功能障碍。畸形、骨擦感(音)、反常活动。', '股骨骨折', '973', null, null, null, null, null, null, null);
INSERT INTO `sys_intelligent_guide_disease` VALUES ('250', '膝关节肿胀疼痛、活动障碍，关节内积血，局部压痛明显；', '股骨髁骨折', '973', null, null, null, null, null, null, null);
INSERT INTO `sys_intelligent_guide_disease` VALUES ('251', '有外伤史，伤腿肿痛、活动受限。', '胫腓骨干骨折', '973', null, null, null, null, null, null, null);
INSERT INTO `sys_intelligent_guide_disease` VALUES ('252', '有外伤史，伤后踝部肿胀、压痛、功能受限。 ', '踝部骨折', '973', null, null, null, null, null, null, null);
INSERT INTO `sys_intelligent_guide_disease` VALUES ('253', '有外伤史，伤后踝部肿胀、压痛、功能受限。', '距骨骨折', '973', null, null, null, null, null, null, null);
INSERT INTO `sys_intelligent_guide_disease` VALUES ('254', '多有高处坠下史，足跟局部肿胀、压痛、活动受限。', '跟骨骨折', '973', null, null, null, null, null, null, null);
INSERT INTO `sys_intelligent_guide_disease` VALUES ('255', '1.致伤部位肿胀，软组织破损，颈肌痉挛，触痛，颈部活动受限，部分病例可有损伤节段神经分布区的感觉迟钝。2. 合并脊髓损伤，其支配区域可有知觉运动机能障碍，肌力、肌张力及反射改变。', '颈椎骨折脱位', '973', null, null, null, null, null, null, null);
INSERT INTO `sys_intelligent_guide_disease` VALUES ('256', '局部症状主要是疼痛，体征主要为骨盆挤压、分离阳性。', '骨盆骨折', '973', null, null, null, null, null, null, null);
INSERT INTO `sys_intelligent_guide_disease` VALUES ('257', '肩部肿痛，活动受限，弹性固定，上肢可能麻木感。肩峰突出成“方肩”，肩峰下有空虚感。', '肩关节脱位', '973', null, null, null, null, null, null, null);
INSERT INTO `sys_intelligent_guide_disease` VALUES ('258', '肘部明显畸形，肘关节弹性固定于半伸位，肘后三角失去正常关系，鹰嘴后凸畸形。', '肘关节脱位 ', '973', null, null, null, null, null, null, null);
INSERT INTO `sys_intelligent_guide_disease` VALUES ('259', '关节间隙(膝眼处)有压痛、弹响及绞锁现象。Mc murray征及Apply试验阳性，膝关节过伸和过屈试验阳性。', '膝关节半月板损伤', '973', null, null, null, null, null, null, null);
INSERT INTO `sys_intelligent_guide_disease` VALUES ('260', '头、颈、肩痛；上肢放射性麻木或疼痛；下肢乏力，行走不稳；大小便功能失常；体位性眩晕或曾有猝倒发作；眼花、耳鸣、心动过速或心前区疼痛。', '颈  椎  病', '973', null, null, null, null, null, null, null);
INSERT INTO `sys_intelligent_guide_disease` VALUES ('261', '全身症状：急骤发病、有寒战、高热、全身不适等菌血症表现。       ', '急性化脓性关节炎', '973', '局部表现：受累关节剧痛，并有红、肿、热、痛。由于肌肉痉挛，关节常处于屈曲位，久之可发生关节挛缩，甚至有半脱位或脱位。', null, null, null, null, null, null);
INSERT INTO `sys_intelligent_guide_disease` VALUES ('262', '患儿出现高热等全身中毒症状较严重，而又伴有肢体疼痛，肿胀及深压痛。', '急性化脓性骨髓炎 ', '973', null, null, null, null, null, null, null);
INSERT INTO `sys_intelligent_guide_disease` VALUES ('263', '关节疼痛、僵硬、活动受限、常表现为开始活动时明显，活动后减轻，活动过多又加重。', '骨性关节炎', '973', '严重者出现肿胀、关节积液和畸形，部分出现关节游离体。关节活动时常有粗糙的摩擦感和响声。', null, null, null, null, null, null);
INSERT INTO `sys_intelligent_guide_disease` VALUES ('264', '⑴皮下血肿：出血局限在皮下，不易扩散，肿块较硬；有时肿块较大，中心较软，造成颅骨凹陷骨折的假象。 ', ' 头皮血肿', '987', ' ⑵帽状腱膜下血肿：出血弥散在帽状腱膜下的疏松结缔组织，血肿可迅速扩散，有的甚至使整个头部变形，谓“牛头征”，出血量大时可表现为贫血或休克症状。 ', ' ⑶骨膜下血肿：多伴有颅骨骨折，血肿局限在颅骨外膜和各颅骨缝线连接的区域之间，一般不跨越骨缝线，触之可有波动感。 ', null, null, null, null, null);
INSERT INTO `sys_intelligent_guide_disease` VALUES ('265', '⑴锐性切割伤伤口整齐。  ', '头皮裂伤', '987', '⑵钝性损伤在头皮裂开的边缘呈锯齿状并有头皮的挫伤和擦伤。', null, null, null, null, null, null);
INSERT INTO `sys_intelligent_guide_disease` VALUES ('266', '骨折线累及额骨的眶板和筛骨，出血可经前鼻孔流出，或流入眶内，后者在眼睑中或球结膜下形成瘀斑，出血多时则在眶周广泛淤血，形成“熊猫眼”征。脑膜破裂时，脑脊液可经额窦或筛窦经前鼻孔流出，称为脑脊液鼻漏。筛板、视神经孔骨折或当骨折累及眶上裂时，可出现嗅觉、视觉和眼球运动神经的损害症状，称为“眶上裂综合症”。', '颅前窝骨折', '987', null, null, null, null, null, null, null);
INSERT INTO `sys_intelligent_guide_disease` VALUES ('267', '骨折累及蝶骨或蝶窦，出血或脑脊液漏可经蝶窦由鼻孔流出。累及颞骨岩部，脑膜、骨膜和鼓膜均有破裂时，出血或脑脊液漏则经外耳孔流出；若鼓膜完整，脑脊液则经咽鼓管流往鼻咽部，可误认为是鼻漏。累及蝶骨或颞骨的内侧部，可损伤垂体或第Ⅱ～Ⅵ脑神经。累及颈动脉海绵窦段，可造成颈动脉海绵窦瘘，形成搏动性突眼和颅内杂音。破裂孔和颈动脉管处的损伤，可造成致命性鼻出血和耳出血。', '颅中窝骨折', '987', null, null, null, null, null, null, null);
INSERT INTO `sys_intelligent_guide_disease` VALUES ('268', '骨折累及颞骨岩部后外侧时，多在伤后1～2天出现乳突部皮下淤血（Battle征）；累及枕骨大孔周围时，可合并后组颅神经的受损及颈后皮下淤血。', '颅后窝骨折', '987', null, null, null, null, null, null, null);
INSERT INTO `sys_intelligent_guide_disease` VALUES ('269', '粉碎性骨折见于锐器直接损伤或火器伤，受伤的局部头皮全层或部分裂开，其下的颅骨可有不同形式的骨折，伤口内常有异物，如头发、泥土、弹丸或碎骨片等', '粉碎性骨折', '987', null, null, null, null, null, null, null);
INSERT INTO `sys_intelligent_guide_disease` VALUES ('270', '⑴ 意识障碍：意识丧失仅是一过性的神志恍惚，意识障碍可以短至数秒钟、数分钟，一般 不超过30分钟。 ', ' 脑震荡 ', '987', ' ⑵ 遗忘症：逆行性遗忘。', ' ⑶ 头痛、头昏。', ' ⑷ 恶心、呕吐。 ', ' ⑸ 其他：可出现自主神经功能紊乱症状，表现为情绪不稳、易激动、不耐烦、注意力不集 中、耳鸣、心悸、多汗、失眠或噩梦等。', null, null, null);
INSERT INTO `sys_intelligent_guide_disease` VALUES ('271', '⑴意识障碍：持续时间较长，甚至持续昏迷。 ', ' 脑挫裂伤', '987', '⑵头痛。 ', ' ⑶恶心、呕吐。 ', '⑷癫痫。  ', '⑸脑膜刺激征。 ', ' ⑹局灶性神经系统体征：依脑挫裂伤发生的部位而定，若损伤累及脑的功能区，常于伤后即可出现相应肢体的单瘫、偏瘫或偏一侧的感觉障碍，以及失语、偏盲等。', null, null);
INSERT INTO `sys_intelligent_guide_disease` VALUES ('272', '⑴意识障碍：伤后立即昏迷，昏迷持续长短不一，可长达数月或数年，直至植物生存状态。 ', ' 原发性脑干损伤 ', '987', '⑵生命体征改变：伤后出现呼吸循环功能紊乱或呼吸循环衰竭、中枢性高热或体温不升。 ', '⑶眼球和瞳孔变化：可表现为瞳孔大小不一、形态多变且不规则，眼球偏斜或眼球分离。 ', '⑷双侧椎体束征阳性：可表现为双侧肌张力增高、腱反射亢进以及病理征阳性，严重者呈迟缓状态。 ', ' ⑸去皮层或去大脑僵直。', null, null, null);
INSERT INTO `sys_intelligent_guide_disease` VALUES ('273', '（1）头痛、呕吐、烦躁。  ', ' 继发性脑干损伤', '987', '⑵瞳孔变化和对光反射：伤侧瞳孔缩小-扩大，最好双侧瞳孔均扩大；对光反射开始迟钝，最后消失。  ', '⑶肢体功能：受伤对侧肢体运动功能障碍，可以是轻瘫、全瘫，肌张力增高，腱反射亢进，病理反射阳性。  ', '⑷生命体征：呼吸加快、变慢或不规则；脉搏频数或沉缓；血压升高，晚期则下降；体温可以不升。', null, null, null, null);
INSERT INTO `sys_intelligent_guide_disease` VALUES ('274', '⑴硬脑膜外血肿：多为加速伤，常伴有颅盖骨折。可出现中间清醒期。      ', '颅内血肿 ', '987', '  ⑵硬脑膜下血肿：多为减速伤，血肿常发生于对冲部位，通常伴有脑挫裂伤。  ', ' ⑶脑内血肿：多为减速伤，血肿常发生于对冲部位，均伴有不同程度的脑挫裂伤。                                                                                ', '⑷多发性血肿：指颅内同一部位或不同部位形成两个或两个以上血肿。               ', '⑸颅后窝血肿：由于颅后窝代偿容积小，易发生危机生命的枕骨大孔疝，故单列一类。                                                                            ', '⑹迟发性外伤性颅内血肿：是指伤后首次CT扫描未发现血肿，再次CT扫描出现的颅内血肿。', null, null);
INSERT INTO `sys_intelligent_guide_disease` VALUES ('275', '1.手足肥大，面容增宽。', '垂体腺瘤', '987', ' 2. 糖尿病。', ' 3. 高血压。', '  4. 周围神经病变。 ', ' 5. 打鼾或睡眠呼吸暂停。', ' 6. 性欲减退或闭经。', ' 7. 泌乳。', '  8. 视力减退等。 ');
INSERT INTO `sys_intelligent_guide_disease` VALUES ('276', '女性多见，主要表现为泌乳-闭经综合症，男性早期以性功能减退为主，肿瘤瘤体增大时，则表现为压迫症状，引起视力下降和垂体功能低下等。 ', 'PRL腺瘤', '987', null, null, null, null, null, null, null);
INSERT INTO `sys_intelligent_guide_disease` VALUES ('277', '以皮质醇增多的症状和体征为主，如向心性肥胖、水牛背、皮肤紫纹、色素沉着和多毛，常伴有高血压。腺垂体功能拟制试验（如地塞米松拟制试验）有助于诊断。', 'ATCH腺瘤和Nelson综合征', '987', null, null, null, null, null, null, null);
INSERT INTO `sys_intelligent_guide_disease` VALUES ('278', '男性多见，合并难治性甲状腺功能亢进，也可有其他垂体肿瘤的表现；血清TSH水平明显升高。', 'TSH腺瘤', '987', null, null, null, null, null, null, null);
INSERT INTO `sys_intelligent_guide_disease` VALUES ('279', '1.四肢无力或进行性瘫痪。', '脊髓髓外硬膜下肿瘤 ', '987', ' 2.感觉障碍及根痛症状。 ', ' 3.患病节段相应的运动肌肉萎缩。  ', '4.自主神经功能障碍（如便秘或尿潴留）。', null, null, null, null);
INSERT INTO `sys_intelligent_guide_disease` VALUES ('280', ' 颅内压增高和小脑症状。幼儿可出现头围增大，叩诊为破罐音，侵及闹脑干者常有颅神经障碍及长束受损体征。', ' 髓母细胞瘤', '987', null, null, null, null, null, null, null);
INSERT INTO `sys_intelligent_guide_disease` VALUES ('281', '双眼上视障碍，发作性头痛、呕吐与低热。', '室管膜瘤', '987', null, null, null, null, null, null, null);
INSERT INTO `sys_intelligent_guide_disease` VALUES ('282', '⑴脑的各部位均可生长。', ' 星形细胞瘤', '987', ' ⑵缓慢起病。 ', '⑶癫痫发作。', ' ⑷精神异常。 ', ' ⑸神经系统局灶症状。 ', '⑹颅内压增高症状。', null, null);
INSERT INTO `sys_intelligent_guide_disease` VALUES ('283', '⑴颅内压增高症状。    ', ' 多形性胶质母细胞瘤', '987', '  ⑵癫痫发作。     ', ' ⑶精神症状。    ', '  ⑷脑局灶症状。', null, null, null, null);
INSERT INTO `sys_intelligent_guide_disease` VALUES ('284', '大多数病人有较长的病史，可以有头痛、精神症状、癫痫等。', '大脑凸面脑膜瘤', '987', null, null, null, null, null, null, null);
INSERT INTO `sys_intelligent_guide_disease` VALUES ('285', '尤其是额极者，早期症状不明显，肿瘤增大后出现颅内压增高和癫痫大发作。额叶受压者可有精神症状。老年患者，这种精神症状改变易误认为脑动脉硬化而误诊。应引起注意。', '前部型脑膜瘤', '987', null, null, null, null, null, null, null);
INSERT INTO `sys_intelligent_guide_disease` VALUES ('286', '尤其是中央沟区凸面脑膜瘤以运动和（或）感觉体征和症状为主，可致局限性癫痫，或由局限性转为癫痫大发作，即所谓“杰克逊”（Jackson)癫痫，发作形式由面部或手开始局限性抽搐，最后引发全身大发作。病人出现病灶对侧肢体运动和（或）感觉障碍，上肢常比下肢重，中枢性面瘫明显。', '中部型脑膜瘤', '987', null, null, null, null, null, null, null);
INSERT INTO `sys_intelligent_guide_disease` VALUES ('287', '症状较少，以视野受损为主要特征，可有同向偏盲。', '后部型脑膜瘤', '987', null, null, null, null, null, null, null);
INSERT INTO `sys_intelligent_guide_disease` VALUES ('288', '除引起癫痫外，尚可有以面部和上肢为主的中枢性瘫痪。肿瘤位于优势半球时，可出现感觉性或命名性失语症，向外侧裂生长着也可出现运动性失语。若此类肿瘤生长相当大，并压迫大脑脚至对侧天幕时，出现同侧肢体瘫痪。', '颞叶型大脑凸面脑膜瘤', '987', null, null, null, null, null, null, null);
INSERT INTO `sys_intelligent_guide_disease` VALUES ('289', '尿频、排尿困难、血尿。', '前列腺增生症', '977', null, null, null, null, null, null, null);
INSERT INTO `sys_intelligent_guide_disease` VALUES ('290', '多数患者无明显临床症状除具有因癌肿阻塞尿道而引起的排尿症状外晚期出现血尿加剧，因骨转移而引起的骨质破坏、病理性骨折、疼痛，或因恶液质引起的贫血、腹水、浮肿等。 ', '前列腺癌', '977', null, null, null, null, null, null, null);
INSERT INTO `sys_intelligent_guide_disease` VALUES ('291', '反复尿频、尿急、尿痛及排尿终末血尿。', '膀胱结石', '977', null, null, null, null, null, null, null);
INSERT INTO `sys_intelligent_guide_disease` VALUES ('292', '多无临床症状，少数出现腰痛、镜下血尿，或致肾性高血压。', '肾囊肿', '977', null, null, null, null, null, null, null);
INSERT INTO `sys_intelligent_guide_disease` VALUES ('293', '无痛性血尿，尿路刺激征（尿频、尿急、尿痛）及因肿瘤转移所引起的恶液质全身症状。 ', '膀胱癌', '977', null, null, null, null, null, null, null);
INSERT INTO `sys_intelligent_guide_disease` VALUES ('294', '或无症状，或有患侧阴囊部、睾丸的坠胀疼痛，有时向腹股沟、下腹、会阴部放射痛，久站、久行后症状加重，平卧可减轻或消失。', '精索静脉曲张', '977', null, null, null, null, null, null, null);
INSERT INTO `sys_intelligent_guide_disease` VALUES ('295', '间歇性、无痛性血尿。', '肾、输尿管肿瘤', '977', null, null, null, null, null, null, null);
INSERT INTO `sys_intelligent_guide_disease` VALUES ('296', '血尿在长期尿频以后出现，终末加重、尿量少，可伴有低热、盗汗、消瘦。', '肾结核、膀胱结核', '977', null, null, null, null, null, null, null);
INSERT INTO `sys_intelligent_guide_disease` VALUES ('297', '睾丸肿瘤多为实质性肿块，质地坚硬，患侧睾丸有沉重感，掂量时如秤砣，透光试验呈阴性。', '睾丸肿瘤', '977', null, null, null, null, null, null, null);
INSERT INTO `sys_intelligent_guide_disease` VALUES ('298', '肿大的阴囊有时可以见肠型、闻及肠鸣音，在卧位时阴囊内容物可回纳，咳嗽时内环口处有冲击感，透光试验阴性。', '腹股沟疝', '977', null, null, null, null, null, null, null);
INSERT INTO `sys_intelligent_guide_disease` VALUES ('299', '下肢感觉和运动障碍、便秘、大便失禁、会阴部感觉减退或丧失，肛门括约肌松弛、收缩力减弱或消失。直肠指诊前列腺并不增大. ', '神经原性膀胱', '977', null, null, null, null, null, null, null);
INSERT INTO `sys_intelligent_guide_disease` VALUES ('300', '突然发作的右上腹疼痛，易与右侧肾绞痛相混淆。但有右上腹局限性压痛、反跳痛及腹肌紧张，肝区明显叩击痛，可触及肿大的胆囊，墨菲氏征阳性；', '急性胆绞痛', '977', null, null, null, null, null, null, null);
INSERT INTO `sys_intelligent_guide_disease` VALUES ('301', '腰痛及血尿症状。但多见于女性，无发作性疼痛或活动后疼痛加重的病史；', '肾盂肾炎', '977', null, null, null, null, null, null, null);
INSERT INTO `sys_intelligent_guide_disease` VALUES ('302', '无痛性肉眼血尿。', '肾盂肿瘤', '977', null, null, null, null, null, null, null);
INSERT INTO `sys_intelligent_guide_disease` VALUES ('303', '伴有寒战、发热、阴囊内疼痛，触痛明显。', '急性化脓性睾丸炎', '977', null, null, null, null, null, null, null);
INSERT INTO `sys_intelligent_guide_disease` VALUES ('304', '阴囊内疼痛等症状，但有剧烈活动等诱因，疼痛剧烈严重，精索呈麻绳状扭曲。', '睾丸扭转', '977', null, null, null, null, null, null, null);
INSERT INTO `sys_intelligent_guide_disease` VALUES ('305', '阴囊红、肿、疼痛，但有明显尿频、尿痛及较多尿道分泌物。', '急性淋菌性附睾炎', '977', null, null, null, null, null, null, null);
INSERT INTO `sys_intelligent_guide_disease` VALUES ('306', '寒战、发热，阴囊触痛明显，以睾丸增大为主。', '急性化脓性睾丸炎', '977', null, null, null, null, null, null, null);
INSERT INTO `sys_intelligent_guide_disease` VALUES ('307', '腹部肿块及腹胀，但肿块有囊样感，随呼吸上下活动。', '原发性肾积水', '977', null, null, null, null, null, null, null);
INSERT INTO `sys_intelligent_guide_disease` VALUES ('308', '阴囊肿大、附胀，也可伴有鞘膜积液。', '精索和附睾肿瘤', '977', null, null, null, null, null, null, null);
INSERT INTO `sys_intelligent_guide_disease` VALUES ('309', '（1）体质性疾病：发热、乏力、盗汗、厌食、体重下降，慢性腹泻和易感冒；', '艾滋病', '986', '（2）神经零碎症状：头痛、癫痫、停止性聪慧、下肢瘫痪等；', '（3）严重的临床免疫综合症：呈现各种时机性感染：', '（4）继发肿瘤：', '（5）并发其它疾病，如：慢性淋巴性间质性肺炎等。', null, null, null);
INSERT INTO `sys_intelligent_guide_disease` VALUES ('310', '起病急，畏寒、发热、全身乏力、厌油、恶心、呕吐、皮肤巩膜黄染。', '急性肝炎', '986', null, null, null, null, null, null, null);
INSERT INTO `sys_intelligent_guide_disease` VALUES ('311', '疲惫、厌食、恶心、呕吐、腹胀、腹泻、肝区不适等。', '慢性肝炎', '986', null, null, null, null, null, null, null);
INSERT INTO `sys_intelligent_guide_disease` VALUES ('312', '发热、流涕、咳嗽、眼结膜充血、皮肤斑丘疹为特征。', '麻疹', '986', null, null, null, null, null, null, null);
INSERT INTO `sys_intelligent_guide_disease` VALUES ('313', '轻度上呼吸道炎症，发热、皮肤斑丘疹及耳后、枕后淋巴结肿大。', '风疹', '986', null, null, null, null, null, null, null);
INSERT INTO `sys_intelligent_guide_disease` VALUES ('314', '先出疹或出疹同时伴发热，皮疹为小红斑丘疹，1—2天变成疱疹，疱桨黄色透明，然后干瘪结痂，皮疹相继分批出现。', '水痘', '986', null, null, null, null, null, null, null);
INSERT INTO `sys_intelligent_guide_disease` VALUES ('315', '急起高热，全身症状较重，呼吸道症状较轻。', '流感', '986', null, null, null, null, null, null, null);
INSERT INTO `sys_intelligent_guide_disease` VALUES ('316', '眼睑红肿，结膜也充血水肿，双眼有异物感，又痒又痛，还流泪、怕光等，到后期可见结膜出血。 ', '“红眼病”', '986', null, null, null, null, null, null, null);
INSERT INTO `sys_intelligent_guide_disease` VALUES ('317', '表现分3期，1，吐泻期，起病急，先吐后泻，剧烈腹泻不伴腹痛，亦无里急后重。大便为水样，达数十次。', '霍乱', '986', '2.脱水虚脱期，由于严重脱和水电解质的丢失。', null, null, null, null, null, null);
INSERT INTO `sys_intelligent_guide_disease` VALUES ('318', '发热，纳差，全身乏力，上腹部胀痛，等消化道症状。', '甲肝', '986', null, null, null, null, null, null, null);
INSERT INTO `sys_intelligent_guide_disease` VALUES ('319', '全身乏力、食欲减退、恶心和右季肋部疼痛少数伴低热等。', '丙肝', '986', null, null, null, null, null, null, null);
INSERT INTO `sys_intelligent_guide_disease` VALUES ('320', '主要是慢性发病。以乏力，纳差肝病容等。', '乙肝', '986', null, null, null, null, null, null, null);
INSERT INTO `sys_intelligent_guide_disease` VALUES ('321', '临床症状轻重不一，主要是胃肠道症状，腹泻几次至几十次不等。多为自限性。', '感染性腹泻', '986', null, null, null, null, null, null, null);
INSERT INTO `sys_intelligent_guide_disease` VALUES ('322', '1,、急性菌痢，1）普通型（典型），中毒症状明显，加消化道症状。腹泻一般在10次以上。2）轻型(非典型)中毒症状轻，腹泻在10内。3）重型中毒症状重，腹泻在30次以上，脱水明显常有酸中毒及水、电解质紊乱。4）中毒性菌痢，又分休克型、脑型和混合型。', '菌性痢疾', '986', '2，慢性菌痢分慢性迁延性和慢性隐蔽性及急性发作型 3般有肠鸣活跃，左下腹压痛。 ', null, null, null, null, null, null);
INSERT INTO `sys_intelligent_guide_disease` VALUES ('323', '普通病人：主要以发热，口腔粘膜出现散在疱疹，手、足和臀部出现斑丘疹、疱疹，疱疹周围可有炎性红晕， 疱内液体较少。可伴有咳嗽、流涕、食欲不振等症状  ', '手足口', '986', '(二)重症病例表现出现神经系统受累表现。如：精神差、嗜睡、易惊、谵妄；头痛、呕吐；肢体抖动，肌阵挛、眼球震颤、共济失调、眼球运动障碍；无力或急性弛缓性麻痹；惊厥。体征可见脑膜刺激征，腱反射减弱或消失。', null, null, null, null, null, null);
INSERT INTO `sys_intelligent_guide_disease` VALUES ('324', '发热，头痛，乏力，食欲不振等症状，进酸性食物疼痛加重。 ', '腮腺炎', '986', null, null, null, null, null, null, null);
INSERT INTO `sys_intelligent_guide_disease` VALUES ('325', '普通型①发热：多为持续性，体温可达39℃左右，可伴有头痛、全身不适等全身中毒症状；  ', '猩红热', '986', '②咽峡炎：表现为咽痛、吞咽痛，局部充血并可有脓性渗出液，颌下及颈淋巴结呈非化脓性炎症改变；', ' ③皮疹：皮疹是猩红热最显著的症状。典型皮疹为均匀分布的弥漫充血性针尖大小的丘疹，压之褪色，伴有痒感。皮疹一般于48小时达高峰，然后按出疹先后开始消退，2~3天内退尽', null, null, null, null, null);
INSERT INTO `sys_intelligent_guide_disease` VALUES ('326', '发病缓慢，以发热（不规则，以夜间为主）乏力，贫血貌，而症状相对较轻。', '黑热病', '986', null, null, null, null, null, null, null);
INSERT INTO `sys_intelligent_guide_disease` VALUES ('327', '\n起病较急，在接触的部位发生境界清楚的红斑、丘疹、丘疱疹，严\n重时红肿明显，并出现水疱和大疱，疱壁紧张、内容清亮，水疱破后呈糜烂面。', '急性接触性皮炎', '982', null, null, null, null, null, null, null);
INSERT INTO `sys_intelligent_guide_disease` VALUES ('328', '轻度红斑、丘疹，境界不清楚；或由于长期反复接触后发病，局部呈慢性湿疹样改变，皮损轻度增生及苔藓样变。', '亚急性和慢性接触性皮炎', '982', null, null, null, null, null, null, null);
INSERT INTO `sys_intelligent_guide_disease` VALUES ('329', '损害见于阴部、会阴部及臀部等处，有时延至腹股沟及下腹部，皮损呈大片潮红，也可发生斑丘疹、丘疹，边缘清楚，与尿布包扎方式一致。贻误治疗者，可发生脓疱、糜烂及溃疡。 ', '尿布皮炎', '982', null, null, null, null, null, null, null);
INSERT INTO `sys_intelligent_guide_disease` VALUES ('330', '皮损局限于接触部位，界限清楚；皮损形态常呈急性或亚急性皮炎，有程度不等的红斑、丘疹、水肿、水疱；破溃后可有糜烂、渗液、结痂；自觉局\n部皮损瘙痒灼热或疼痛；', '化妆品皮炎形', '982', null, null, null, null, null, null, null);
INSERT INTO `sys_intelligent_guide_disease` VALUES ('331', '局部瘙痒或刺痛、烧灼感、皮肤发红或出现风团。一般在24小时内消褪。接触性荨麻疹综合症指除局部反应外，还可出现憋气、咳嗽、哮喘、血压下降等全身表现。', '接触性荨麻疹', '982', null, null, null, null, null, null, null);
INSERT INTO `sys_intelligent_guide_disease` VALUES ('332', '红斑、丘疹、水疱、渗液及结痂、伴瘙痒等。一般发生在接触部位，但染发皮炎可出现头、面部肿胀及周身不适等症状。', '系统性接触性反应', '982', null, null, null, null, null, null, null);
INSERT INTO `sys_intelligent_guide_disease` VALUES ('333', '青黑色不均匀的色素沉着或色素脱失斑，且常伴有面部皮肤过早老化现象。', '色素异常型 ', '982', null, null, null, null, null, null, null);
INSERT INTO `sys_intelligent_guide_disease` VALUES ('334', '任何部位皮肤均可发生，以面部多见，也见于阴囊及女性外阴部。皮损呈多形性，可见潮红，皮肤变薄、发亮，有时出现丘疹和小脓疱，脱屑或轻微皲裂，常伴有毛细血管扩张，重者可有肿胀。自觉干燥不适或有灼热感、瘙痒、疼痛和触痛。原发病可以反跳。', '糖皮质激素依赖性皮炎', '982', null, null, null, null, null, null, null);
INSERT INTO `sys_intelligent_guide_disease` VALUES ('335', '出现红斑、丘疹、小水疱，有瘙痒，慢性皮炎可呈现浸润、增厚、苔癣化等。', '化妆品光感性皮炎', '982', null, null, null, null, null, null, null);
INSERT INTO `sys_intelligent_guide_disease` VALUES ('336', '自觉症状较轻，皮疹初起为红色小丘疹或小脓疱，脓疱干涸后变成周边翘起中央紧附着头皮形如蝶状的黄色痂，除去痂后其下为潮红糜烂面，有特殊臭味。患黄癣处的毛囊被破坏，毛发脱落，形成永久性秃发，愈合遗留萎缩性瘢痕。', '黄癣', '997', null, null, null, null, null, null, null);
INSERT INTO `sys_intelligent_guide_disease` VALUES ('337', '皮疹初起为圆形灰白色鳞屑性斑片，边缘清楚，病发一般距头皮2～4mm处折断，外围绕以白色的菌鞘。有不同程度瘙痒。到青春期可自愈，一般不造成永久性秃发，愈合不留瘢痕。', '白癣', '997', null, null, null, null, null, null, null);
INSERT INTO `sys_intelligent_guide_disease` VALUES ('338', '皮疹初起为散在鳞屑性灰白色斑片，病发一出头皮即折断，毛囊口处断发呈黑点状。皮疹炎症反应轻，稍痒。病程缓慢，可久病不愈。有局灶性脱发和点状瘢痕。', '黑点癣', '997', null, null, null, null, null, null, null);
INSERT INTO `sys_intelligent_guide_disease` VALUES ('339', '由亲动物性皮肤癣菌引起。皮损初为成群的炎性毛囊丘疹，渐融合为隆起的炎性肿块，表面有蜂窝状排脓小孔，继发细菌感染后可形成脓肿。能破坏毛囊，愈后有永久性秃发和瘢痕。', '脓癣', '997', null, null, null, null, null, null, null);
INSERT INTO `sys_intelligent_guide_disease` VALUES ('340', '好发于指（趾）间、掌心、足跖及足侧部。皮疹初起为针尖大小的深在水疱，疱壁厚，不易破溃，散在或群集分布，瘙痒明显。皮疹可不断向周围蔓延。病情稳定时以脱屑为主。', '手足癣水疱鳞屑型', '997', null, null, null, null, null, null, null);
INSERT INTO `sys_intelligent_guide_disease` VALUES ('341', '好发于足跟及掌跖部。皮损处为角质增厚，表面粗糙脱屑，易发生皲裂、出血。一般无瘙痒，有皲裂时疼痛。', '手足癣角化过度型', '997', null, null, null, null, null, null, null);
INSERT INTO `sys_intelligent_guide_disease` VALUES ('342', '局部皮肤浸渍发白，表面松软易剥脱露出潮红糜烂面。有不同程度瘙痒。足癣继发细菌感染甚至会引起脓疱、淋巴结炎、蜂窝组织炎、丹毒。 ', '手足癣浸渍糜烂型', '997', null, null, null, null, null, null, null);
INSERT INTO `sys_intelligent_guide_disease` VALUES ('343', ' 好发于面、耳、手、足、前臂、小腿等外露部位，严重者可弥漫全身，常对称分布。皮损多形性，初期为红斑，自觉灼热、瘙痒。继之在红斑上出现散在或密集的丘疹或小水疱，剧烈瘙痒，搔抓或摩擦之后形成糜烂、渗液面。若继发感染则会发展为脓疱、脓液，甚至发热等全身症状。', '急性湿疹', '997', null, null, null, null, null, null, null);
INSERT INTO `sys_intelligent_guide_disease` VALUES ('344', ' 因急性湿疹炎症减轻或处理不当使病程延长而形成。红肿和渗出虽有减轻，但仍有丘疹及少量丘疱疹，皮损暗红色，可有少量鳞屑。始终伴有瘙痒感。', '亚急性湿疹', '997', null, null, null, null, null, null, null);
INSERT INTO `sys_intelligent_guide_disease` VALUES ('345', '皮肤逐渐增厚，皮纹加深、浸润，色素沉着，有不同程度的苔藓样变等。自觉明显瘙痒。常为阵发性，病情时轻时重，延续数月或更久。', '慢性湿疹', '997', null, null, null, null, null, null, null);
INSERT INTO `sys_intelligent_guide_disease` VALUES ('346', '发病人群以15～30岁为主，好发于面颊、额部，其次是胸背部及肩胛处等皮脂溢出部位，一般无症状或有瘙痒不适的感觉，炎症严重时有疼痛。基本损害为毛囊性丘疹，早期皮脂淤积在皮脂腺开口处形成白头粉刺（闭合性粉刺）或黑头粉刺（开放性粉刺），白头粉刺里可挤压出米粒样白色脂栓，黑头粉刺中含有被氧化呈黑色的油栓。常伴有局部炎症，粉刺发红，顶部发生小脓疱，愈后可有暗红色印痕称为痘印，痘印一般会消退。若炎症加剧，会变为炎症性结节或囊肿甚至形成脓肿，有波动感，破溃后遗留瘢痕及色素沉着。', '痤疮', '997', null, null, null, null, null, null, null);
INSERT INTO `sys_intelligent_guide_disease` VALUES ('347', '常在幼儿园中流行。好发于四肢、口周、鼻孔附近，严重者可泛发全身。自觉瘙痒。皮疹初起为点状红斑或小丘疹，迅速发展成脓疱，粟粒至黄豆大小，疱壁薄，周围有红晕，脓疱破后露出糜烂面，脓液干涸形成蜜黄色厚痂。', '寻常型脓疱疮', '997', null, null, null, null, null, null, null);
INSERT INTO `sys_intelligent_guide_disease` VALUES ('348', '皮疹初起为脓疱，渐向皮肤深部发展，表面有坏死和蛎壳状黑色厚痂，周围炎症明显，去除痂后可见边缘陡峭的碟状溃疡。', '深脓疱疮', '997', null, null, null, null, null, null, null);
INSERT INTO `sys_intelligent_guide_disease` VALUES ('349', '皮疹初起为米粒大小水疱或脓疱，迅速变为大疱，直径1cm左右，疱内有半月积脓，周围红晕不明显，疱壁薄，易破溃形成糜烂、结痂。痂壳脱落后有暂时性色素沉着。', '大疱型脓疱疮', '997', null, null, null, null, null, null, null);
INSERT INTO `sys_intelligent_guide_disease` VALUES ('350', '好发于肢端、耳廓、鼻尖等末梢部位。皮损初起为蚕豆至指甲盖大小的水肿性紫红色肿块或硬结，边缘鲜红，中央青紫，触之冰冷，压之退色，去压后恢复较慢，自觉局部有胀感、瘙痒，遇热后更甚。严重者可有水疱，破溃后形成溃疡、经久不愈，伴有疼痛。部分患者皮损部位有固定现象，年年复发。', '冻疮', '997', null, null, null, null, null, null, null);
INSERT INTO `sys_intelligent_guide_disease` VALUES ('351', '正常常皮色，淡红色或淡褐色扁平丘疹，米粒大到绿豆大，圆形或多角形，表面光滑，境界清楚。', '扁平疣“扁瘊”', '997', null, null, null, null, null, null, null);
INSERT INTO `sys_intelligent_guide_disease` VALUES ('352', '以瘙痒、发红、丘疹为主。', '疥疮', '997', null, null, null, null, null, null, null);
INSERT INTO `sys_intelligent_guide_disease` VALUES ('353', '皮肤丘疹、红斑。', '角化症', '997', null, null, null, null, null, null, null);
INSERT INTO `sys_intelligent_guide_disease` VALUES ('354', '轻重不一，轻者可以不痛，但有痒感，或只见红斑而没有明显疱疹;重者疼痛明显，坐卧不安。', '带状疱疹', '997', null, null, null, null, null, null, null);
INSERT INTO `sys_intelligent_guide_disease` VALUES ('355', '白斑可发生于任何部位，但面部、颈部、手背等暴露部位，表面无鳞屑或其它皮疹，白斑边界会随着病情的发展逐渐变清晰。有的白斑内毛发可变为白色，白斑数量和大小不一，可孤立存在或为多发性。有些患者的白斑内有色素带存在。', '白癜风', '997', null, null, null, null, null, null, null);
INSERT INTO `sys_intelligent_guide_disease` VALUES ('356', '皮疹一般发生在头皮、躯干、四肢伸侧，皮肤上出现红色的丘疹，渐扩大融合成斑片或斑块，表面有较厚的银白色磷屑，形状不规则，有的有地图或岛屿样外观，有的呈满天星外观，鳞屑层一层脱落，轻轻刮掉皮屑可看到薄薄的一层红膜，刮除红膜即可看到小小的出血点。', '寻常性银屑病', '997', null, null, null, null, null, null, null);
INSERT INTO `sys_intelligent_guide_disease` VALUES ('357', '发生于任何部位，常见于面部、耳后、四肢屈侧、乳房、手部、阴囊等处，对称分布。患病部位肿胀流水、糜烂、结痂时间稍久可增厚，发生皲裂、结痂。慢性者则增厚苔癣化，甚痒并易复发。常与局部多汗外阴刺激、神经内分泌障碍、慢性前列腺炎等有关。', '湿疹', '997', null, null, null, null, null, null, null);
INSERT INTO `sys_intelligent_guide_disease` VALUES ('358', '停经后6周左右出现的畏寒、头晕、乏力、嗜睡、流涎、食欲不振、喜食酸或厌恶油腻、恶心、晨起呕吐等一系列反应，称早孕反应，持续3个月左右，尿频。', '早期妊娠', '988', null, null, null, null, null, null, null);
INSERT INTO `sys_intelligent_guide_disease` VALUES ('359', '腹痛与阴道流血。', '输卵管妊娠', '988', null, null, null, null, null, null, null);
INSERT INTO `sys_intelligent_guide_disease` VALUES ('360', '经量增多，经期延长，严重可致贫血（粘膜下肌瘤）；下腹部包快。', '子宫肌瘤', '988', null, null, null, null, null, null, null);
INSERT INTO `sys_intelligent_guide_disease` VALUES ('361', '早起宫颈癌常无症状或仅有少量接触性出血。一旦出现症状主要表现为：①阴 道出血； ②阴道排液； ③浸润症状； ④晚期可出现恶液质，甚至尿毒症。 ', '宫颈癌', '988', null, null, null, null, null, null, null);
INSERT INTO `sys_intelligent_guide_disease` VALUES ('362', '（1）痛经； ', '子宫内膜异位症', '988', '（2）月经失调； ', '（3）不孕； ', '（4）其他：①肠道EMT;②膀胱 EMT;③输尿管受侵犯和压迫；④其他部位：周期性疼痛、出血或块状增大。', null, null, null, null);
INSERT INTO `sys_intelligent_guide_disease` VALUES ('363', '绝经后阴道异常出血。', '子宫内膜癌', '988', null, null, null, null, null, null, null);
INSERT INTO `sys_intelligent_guide_disease` VALUES ('364', '继发性痛经呈进行性加重、月经失调；体征：子宫呈均匀性增大或局限性隆起，质地硬并有压痛。 ', '子宫腺肌病', '988', null, null, null, null, null, null, null);
INSERT INTO `sys_intelligent_guide_disease` VALUES ('365', '高热、寒战、头痛，下腹坠胀或剧烈疼痛，疼痛可向两大腿放射。', '急性盆腔炎', '988', null, null, null, null, null, null, null);
INSERT INTO `sys_intelligent_guide_disease` VALUES ('366', '下腹部胀痛及腰骶部酸痛，常在劳累、性交、经期前后、排便时加重。', '慢性盆腔炎', '988', null, null, null, null, null, null, null);
INSERT INTO `sys_intelligent_guide_disease` VALUES ('367', '白带增多，乳白色黏液状或黄色脓样，有时有血性白带。可伴有腰、骶部疼痛、下坠赶感或痛经等。', '慢性宫颈炎', '988', null, null, null, null, null, null, null);
INSERT INTO `sys_intelligent_guide_disease` VALUES ('368', '一般于月经来潮前1-2天即感疼痛，月经开始时加剧。常为下腹陈发性绞痛和腰骶部 痛，往往历时数小时至2-3天。可伴有恶心、呕吐、腹泻、尿频、头痛等。严重时脸色发白、出冷汗、四肢厥冷、甚至昏厥。 ', '痛   经 ', '988', null, null, null, null, null, null, null);
INSERT INTO `sys_intelligent_guide_disease` VALUES ('369', '月经紊乱、潮热、出汗、情绪不稳定，骨质疏松血压波动、眩晕、耳鸣、关节酸痛等。月经不规则，主要为间歇期延长，量少。外阴、阴道萎缩，感干燥、瘙痒、疼痛等。精神不安，易激动，好争吵，有时感觉过敏。常有尿频、尿急或尿失禁，易反复发作膀胱炎。', '更年期综合征', '988', null, null, null, null, null, null, null);
INSERT INTO `sys_intelligent_guide_disease` VALUES ('370', '腹痛：为主要症状。早期时下腹—侧有隐痛或胀痛，有时呈撕裂样痛。大多数突然发作剧烈腹痛，伴头晕眼花、昏厥、出冷汗，伴恶心呕吐，当血液积聚于直肠凹陷时，则感肛门坠胀；当血液渐增多刺激膈肌时，可引起肩胛骨部位放射性疼痛。', '异位妊娠', '988', null, null, null, null, null, null, null);
INSERT INTO `sys_intelligent_guide_disease` VALUES ('371', '白带增多，呈黄白稀薄脓性液体，常呈泡沫状。外阴瘙痒、灼热感、疼痛、性交疼。 感染尿道时，可有尿频、 尿痛甚至血尿。妇科检查阴道及宫颈阴道部黏膜红肿，常有散在红色斑点或呈草莓状，后穹隆有多量黄白色、黄绿色脓性泡沫状分泌物。', '滴虫性阴道炎 ', '988', null, null, null, null, null, null, null);
INSERT INTO `sys_intelligent_guide_disease` VALUES ('372', '白带的性状发生改变以及外阴疡痒灼痛。', '阴道炎', '988', null, null, null, null, null, null, null);
INSERT INTO `sys_intelligent_guide_disease` VALUES ('373', '一侧疼痛、肿胀、有的不能行走，局部红肿、发热、压痛明显，严重的还有全身发热等症状，囊中一般无自觉症状，或感到外阴不适等。', '前庭大腺（巴氏腺）炎', '988', null, null, null, null, null, null, null);
INSERT INTO `sys_intelligent_guide_disease` VALUES ('374', '外阴瘙痒、灼痛、尿频、尿痛、性交痛、白带呈白色豆渣样，有的还有糜烂面及溃疡。 ', '念珠菌性阴道炎（霉菌性阴道炎）', '988', null, null, null, null, null, null, null);
INSERT INTO `sys_intelligent_guide_disease` VALUES ('375', '阴道分泌物增多、有臭味、外阴瘙痒、烧灼感等。', '细菌性阴道病（BV）', '988', null, null, null, null, null, null, null);
INSERT INTO `sys_intelligent_guide_disease` VALUES ('376', '阴道分泌物增加，呈淡黄色，血样脓性，外阴痒、灼热感等。', '老年性阴道炎', '988', null, null, null, null, null, null, null);
INSERT INTO `sys_intelligent_guide_disease` VALUES ('377', '功能性囊肿、皮状囊肿、浆液状囊肿和粘液状囊肿通常没有什么症状，囊肿变大，就可能使患者的下腹或背部隐隐作痛或感到肿胀。', '卵巢囊肿', '988', null, null, null, null, null, null, null);
INSERT INTO `sys_intelligent_guide_disease` VALUES ('378', '宫颈息肉是宫颈粘膜局限性增生而形成的堆集，是妇科常见的疾病之一，较大的息肉可能出现一定的临床症状，较小的息肉可无任何症状，只是在妇科检查时被发现。', '宫颈息肉', '988', null, null, null, null, null, null, null);
INSERT INTO `sys_intelligent_guide_disease` VALUES ('379', '急性期高热、咳嗽、大量脓臭痰；慢性期可有慢性中毒症状；查体叩诊浊音 或实音，听诊呼吸音减弱或湿罗音、慢性患者可有杵状指/趾。影像学可见片状浸润阴影、空洞、液平面。', '肺脓肿', '990', null, null, null, null, null, null, null);
INSERT INTO `sys_intelligent_guide_disease` VALUES ('380', '咳嗽、咯血或支气管阻塞引起的哮鸣、呼吸困难，反复呼吸道感 染或肺不张。', '原发性气管肿瘤', '990', null, null, null, null, null, null, null);
INSERT INTO `sys_intelligent_guide_disease` VALUES ('381', '①病史：胸部外伤史；', '肋骨骨折', '990', '②病状与体征：胸部疼痛，在深呼气咳嗽或转动体位时加重，胸壁可有畸型，局部疼痛明显，有时可触及骨擦感，多根多处肋骨骨折可出现反常呼吸。   ', null, null, null, null, null, null);
INSERT INTO `sys_intelligent_guide_disease` VALUES ('382', '胸腔同时积聚血液和空气。', '血胸', '990', null, null, null, null, null, null, null);
INSERT INTO `sys_intelligent_guide_disease` VALUES ('383', '主要为肿瘤的压迫症状和肿瘤特有症状，包括压迫气管出现胸闷、憋气、喘鸣刺激 性咳嗽，呼吸困难，前胸后背疼痛。压迫食管可有吞咽不畅，压迫无名静脉或上腹静脉引起颈静脉怒张，颜面肿胀等表现。', '纵隔肿瘤', '990', null, null, null, null, null, null, null);
INSERT INTO `sys_intelligent_guide_disease` VALUES ('384', '约50%的胸腺瘤病人无任何症状，大的胸腺瘤可出现胸痛，胸闷、咳嗽及前胸部不适感，患者出现颈面、上肢肿胀、静脉压升高等上腔静脉梗阻综合征，胸腔积液所致呼吸困难，心包积液引起心悸气短提示恶性胸腺瘤或胸腺癌。少数患者出现体重减轻、乏力、发热、冷汗等全身症状，部分患者可有伴随症状，再障，免疫球蛋白缺乏，系统性红斑狼疮等。', '胸腺瘤 ', '990', null, null, null, null, null, null, null);
INSERT INTO `sys_intelligent_guide_disease` VALUES ('385', '患者年龄常见于20-40岁之间，及多数患者无临床症状，常见症状是胸闷、咳嗽、前胸部不适呼吸困难，如畸胎瘤穿破肺部与支气管相通可咯出毛发和油脂样物，破入心包可引起心包填塞，破入胸膜可造成脓胸。', '畸胎瘤', '990', null, null, null, null, null, null, null);
INSERT INTO `sys_intelligent_guide_disease` VALUES ('386', '大多数患者无临床症状和不适，部分患者有胸痛、背痛、较大肿瘤可出现呼吸道症状和吞咽困难等气管食管受压症状。少数病人可有神经系统症状，如脊髓受压，声音嘶哑、肋间神经痛和臂丛神经痛。', '纵隔神经源性肿瘤', '990', null, null, null, null, null, null, null);
INSERT INTO `sys_intelligent_guide_disease` VALUES ('387', '早期可无症状，多为偶然发现，主要症状为局部疼痛和胸壁肿块，恶性肿瘤生长迅速并出现局限性胸痛。  瘤体向胸腔内生长，可引起咳嗽和呼吸困难肿瘤晚期可出现胸腔积液和远处转移症状。 ', '胸壁肿瘤', '990', null, null, null, null, null, null, null);
INSERT INTO `sys_intelligent_guide_disease` VALUES ('388', '弥漫性间皮瘤均为恶性，早期可胸闷、气短，渐渐出现剧烈胸痛，呼吸困难、消瘦、咳血痰、胸腔内血性液体，浸润邻近脏器时，可致上腔静脉综合征，声音嘶哑。', '胸膜间皮瘤', '990', null, null, null, null, null, null, null);
INSERT INTO `sys_intelligent_guide_disease` VALUES ('389', '（1)有急性肺部感染病史，当肺炎症状逐渐好转时，病人再次高热、大汗、胸闷。 ', '急性脓胸', '990', '(2）肺脓肿破溃或食管穿孔，常突发胸痛、高热和呼吸困难，有时有发绀。 ', '(3）听诊呼吸音减低，纵隔移位。', null, null, null, null, null);
INSERT INTO `sys_intelligent_guide_disease` VALUES ('390', '有急性脓胸病史——伴慢性咳嗽脓痰，胸闷不适，合并消瘦，乏力、低热、贫血。', '慢性脓胸', '990', null, null, null, null, null, null, null);
INSERT INTO `sys_intelligent_guide_disease` VALUES ('391', '早期症状：间断出现哽噎感、胸骨后疼痛、胸骨后不适、异物感。            进展期症状：最常见最典型的症状是进行性吞咽困难                          晚期症状：原发肿瘤或转移灶直接侵犯邻近的气管、支气管、胸内神经等重要结构而 引起相应症状，胸、颈淋巴结转移和胸外器官转移时引起的相应症状。', '食管癌', '990', null, null, null, null, null, null, null);
INSERT INTO `sys_intelligent_guide_disease` VALUES ('392', '呼吸困难、咳嗽、喀血，纵膈及皮下气肿   一侧或双侧气胸，可发展为张力性气胸，可伴血胸。', '气管支气管断裂', '990', null, null, null, null, null, null, null);
INSERT INTO `sys_intelligent_guide_disease` VALUES ('393', '常伴有进展缓慢的或间歇发生的吞咽困难，胸骨后或上腹部 疼痛、胀满、少数肿 瘤较大者可压迫气管引起呼吸困难。', '食管平滑肌瘤', '990', null, null, null, null, null, null, null);
INSERT INTO `sys_intelligent_guide_disease` VALUES ('394', '轻者无明显症状，中重度者压迫心肺出现呼吸循环症状。凹胸、凸腹、颈肩前倾、脊椎侧弯等。', '漏斗胸', '990', null, null, null, null, null, null, null);
INSERT INTO `sys_intelligent_guide_disease` VALUES ('395', '根据其损伤部位及程度的不同，有伤患部疼痛、呕血或吐血及呕血后黑便、发热、甚至高热，病情严重者，可出现气短、呼吸困难甚至休克。  可有压痛，皮下气肿、及液气胸等改变。有时可并发颈部、纵隔及胸腔内的急性感染引起严重后果。', '食管损伤', '990', null, null, null, null, null, null, null);
INSERT INTO `sys_intelligent_guide_disease` VALUES ('396', '咯痰、咯血反复呼吸道和肺内感染：听诊肺内固定水泡音；影像学可见肺 纹理增粗紊乱，斑片状阴影，可呈囊状、柱状。', '支气管扩张症', '990', null, null, null, null, null, null, null);
INSERT INTO `sys_intelligent_guide_disease` VALUES ('397', '初期可出现神经衰弱综合症或有强迫症状，但不主动要求治疗；有的逐渐表现孤僻、冷淡、缺乏主动性；有的变得敏感多疑，过多思虑，恐惧等；也有的突然出现令人费解的奇异行为，如无目的开关电门，在课堂叫喊，下雨时无故在室外站立不动，或突然冲动，毁物等。', '精神分裂症', '991', '2.发展期症状  多而明显，几乎涉及症状学中大部分内容，各人根据类型不同虽有区别，但有共同特征：   （1）思维障碍：是精神分裂症在整个病程中的必不可缺的症状。在初期往往不引人注目，至发展期变得突出。思维障碍中有联想障碍及思维内容障碍。联想障碍开始多为联想松弛，谈话内容不紧凑，应答往往不切题，进而出现联想散漫，重则出现思维破裂、联想中断，或有象征性思维、造新字或新词等。思维内容障碍多为各种妄想，其逻辑推理荒谬离奇，无系统，脱离现实，且常有泛化，涉及众人。妄想内容以被害、嫉妒等多见，也可有夸大、罪恶等妄想。还可有被控制感、思维发散、思维插入或思维被夺。  （2）感知障碍：以幻听最多见，常呈不主语性幻听，如评论性幻听、争议性幻听、命令性幻听，或思维化声。其他幻觉次之。  （3）情感障碍：是精神分裂症最易引人注意的症状。情感表现与思维活动和意志行为互不协调，与周围环境也不相协调，是本症特征。情感障碍以迟钝、淡漠多见，对人对事，多不关心。随着病情发展，情感障碍日益加重，终日茫然。其他可有无明显诱因的激怒、急躁、情感暴发、情感矛盾等。情感的变化令人感到与前判若两人。    （4）意志行为障碍：多呈精神运动性抑制表现终日呆坐少动，沉默寡言，孤独退缩，独居一处，与关系密切的也不交往，甚至呈木僵状态。相反的则出现不协调性兴奋，如躁动不安、冲动毁物、自伤、殴人或出现紧张综合征。有的表现幼稚、傻气等。    （5）智力障碍：智力尚保持良好，但有的随着病情发展，于后期可有智力减退和人格改变。    （6）意识清晰，自知力不良。', '3.后期症状 发展期症状如不缓解，或病情多次复发，迁延多年后，可呈所\n 4  谓慢性期或衰退期精神分裂症，此时，发展期的症状大部分消退，出现人格幼稚化及精神活动减退，如思维贫乏、低声自语、情感淡漠或出现空笑，意志和行为缺乏自发性，孤独退缩，生活需人照顾，其记忆力、计算力、病前的技能和某些知识虽尚能保持良好，但总遗留某种程度缺陷，主要为主动性不足。', null, null, null, null, null);
INSERT INTO `sys_intelligent_guide_disease` VALUES ('398', '情感高涨，喜悦、乐观、洋洋自得；思维迅速，联想奔逸、言多语快、高谈阔论、吹嘘夸大、内容丰富，但不荒谬也不脱离现实，言语风趣，描述生动且富于形容词，常引旁人发笑故具有“感染性”，话题常随境转移，有意念飘忽，重者有音联、意联。患者精力充沛，精神运动性兴奋，活动增多，行为积极主动，整日忙碌不停，但做事有始无终，好管闲事，爱提意见，凡事以我为主，导致常与人争执，谩骂或殴人等。智力无障碍，自知力欠良或缺乏。', '情感性障碍-躁狂症', '991', null, null, null, null, null, null, null);
INSERT INTO `sys_intelligent_guide_disease` VALUES ('399', '情感低落，抑郁忧虑，对人或事的兴趣变得淡漠或者消失；自觉联想缓慢、思考困难，消极意念沉重，感觉活着没有意思还不如死，且有自卑、自责或自罪，甚至有罪恶妄想。意志减退，精神不振，缺乏主动性，有时连日常生活也需人督促，动作缓慢，重者终日呆立，愁容不展，泪流满面，有的卧床不起，甚至呈木僵状态。有的自杀意念强烈，反复出现自杀企图及行为。抑郁症的症状可有晨重晚轻的节律特征，即精神活动障碍以晨间严重，午后转轻。', '情感性障碍-抑郁症', '991', null, null, null, null, null, null, null);
INSERT INTO `sys_intelligent_guide_disease` VALUES ('400', '1.记忆障碍  偶然遗忘约会、熟悉人的姓名是正常的，但经常性的健忘就应该警惕了，记忆力下降常常是本病的首发症状，也是本病的突出症状。早期从近记忆下降开始，常“说完就忘”，特别是对数字（如日期、年代、电话号码）、人名、地名和不常用的术语记忆很差，此阶段对自已熟悉的工作可能还能胜任，但学习新知识困难，工作稍有变动则难以完成。后期连远记忆（过去发生的事件）也发生障碍，最后连亲人也不认识。', '老年性痴呆 ', '991', '2.计算力下降  早期计算力变慢，复杂的不能完成，逐渐出现计算错误，连简单的也不会计算，临床上常让病人计算100-7=？93-7=？??等，来判断其计算力是否下降。 ', '3.时间、空间定向障碍  表现为不能准确说出时间，不能准确地判断物品位置，伸手取物时或未达该物而抓空，或伸手过远将物品碰倒。回家时走错方向，经常迷路，甚至在自己家中找不到自己的房间，不知哪个床是自己的。穿衣时分不清上下左右和正反，甚至把裤腿当衣袖。', '4.语言障碍  部分患者以语言障碍为首发表现。早期词汇量减少，谈话中因\n 12  找词困难而突然中断，不能说出物品的名称，或不适当地加入无关的词汇或变换主题，逐渐所说的话不能使人理解，写的信让人看不懂，也不能理解他人提出的问题，不能参与交谈。最后患者仅能发出别人不可理解的声音，终至缄默。', '5.理解力和判断力下降  表现为不能正确处理工作、生活中的问题，大事被忽略，小事却纠缠不清，工作能力下降。不能准确判断天气情况，如夏天穿着厚重的衣服。不能分清场合，如穿着浴衣去商店购物等。 ', '6.情感或行为障碍  表现为坐立不安、多疑、易激动、淡漠、抑郁、焦虑或欣快。可出现妄想、错觉、幻觉，而出现冲动性的伤人、毁物行为。有的病人一改以往的生活习惯，痴呆晚期很容易诊断，但早期难以发现。因此，当老年人出现记忆力下降及情感改变后，应尽早去医院检查，以免延误治疗时机。', '7.缺乏主动性  对繁重的家务、商务活动、社会责任有厌恶感是正常现象，且多数人会恢复兴趣。但老年期痴呆患者持续表现无欲状态。', null);
INSERT INTO `sys_intelligent_guide_disease` VALUES ('401', null, null, '991', null, null, null, null, null, null, null);
INSERT INTO `sys_intelligent_guide_disease` VALUES ('402', '单纯部分性发作(意识不会受到影响):发作的时候并不会失去意识,但会有动作性的症状,如局部肌肉或肢体的抽动或皮肤,嗅觉,视觉等感觉出现异常,也可能会出现心跳加快,血压变化,大小便异常等自律神经症状,在精神情绪方面可能会有失落感,陌生,恐惧等症状。', '癫痫-部分性发作 ', '991', '复杂部分性发作(意识会受到影响):特点为发作时出现各种精神症状或特殊感觉症状，随后发生意识障碍, 有时开始发作即为意识障碍，部分可伴有自动症，即患者在意识不清的情况下做一些无意识没有任何目的,无意义的行为或语言,如不自主走动,比手画脚,手舞足蹈,奔跑,踢打,胡乱摸索,重复的咀嚼,喊叫,胡言乱语,狂笑等怪异行为,一但事发过后,患者完全不记得。', '局部发作后继全身发作: 先出现单纯性或复杂性的局部发作后,出现全身性发作,或渐进式的先出现单纯性的局部发作后又出现复杂性的局部发作最后再继发全身性的发作。', null, null, null, null, null);
INSERT INTO `sys_intelligent_guide_disease` VALUES ('403', '失神发作：临床特点是在活动时一瞬间意识出现障碍,活动突然停止,呼之不应，两眼瞪视不动，没有任何反应的失神状态,有时会有眨眼咀嚼的动作,等癫痫发作过后,又能继续之前没有完成的行为,对发作无记忆。', '癫痫-全身性发作', '991', '强直阵挛性发作：指会有痉挛及抽搐的动作,发作时会突然倒地,尖叫,丧失意识,牙关紧闭,眼珠上吊,口吐白沫,全身僵硬(头向后仰,四肢呈僵硬伸直或弯曲,手握拳头),全身肌肉僵硬过后会有间歇性的抽搐而使全身抖动不止,有时会有大小便失禁。', null, null, null, null, null, null);
INSERT INTO `sys_intelligent_guide_disease` VALUES ('404', '静止性震颤、肌强直、运动减少、姿势障碍等常见症状。', '帕金森病', '991', '静止性震颤  震颤往往是发病最早期的表现，通常从某一侧上肢远端开始，以拇指、食指及中指为主，搓丸样运动。然后逐渐扩展到同侧下肢和对侧肢体，晚期可波及下颌、唇、舌和头部。以后发展为仅于肢体静止时出现，所以称为静止性震颤，这是帕金森病震颤的最主要的特征。', '肌强直  帕金森病患者的肢体和躯体变得很僵硬。病变的早期多自一侧肢体开始，有僵硬感，并逐渐加重，出现运动迟缓、铅管样、齿轮样感觉。', '运动减少  在早期，由于上臂肌肉和手指肌的强直，病人的上肢往往不能作精细的动作，写字也逐渐变得困难，笔迹弯曲，越写越小，称“小写症”。面部肌肉运动减少，病人很少眨眼睛，双眼转动也减少，表情呆板，呈“面具脸”。行走呈 “慌张步态”。', '姿势障碍  表现为身体屈曲姿势，步行时无上肢伴随动作，小步或前冲状态。', '其他  可有植物神经功能紊乱现象，如唾液和皮脂腺分泌增多，汗分泌增\n 17  多或减少，大、小便排泄困难和直立性低血压。少数病人可合并痴呆或抑郁等精神症状。', null, null);
INSERT INTO `sys_intelligent_guide_disease` VALUES ('405', '短暂性脑缺血发作-与缺血发生的部位有关颈内动脉系统短暂性脑缺血发作，常有对侧单肢无力或轻偏瘫；眼动脉交叉瘫（病变侧单眼一过性黑矇或失明，对侧偏瘫及感觉障碍）；优势半球受累时可产生失语。', '缺血性脑血管病', '991', '椎-基底动脉系统短暂性脑缺血发作，主要症状为眩晕、平衡失调、跌倒发作、短暂性全面性遗忘症、双眼视力障碍发作。', null, null, null, null, null, null);
INSERT INTO `sys_intelligent_guide_disease` VALUES ('406', '颈内动脉闭塞综合征  病变侧单眼一过性黑朦或霍纳征；病变对侧偏瘫、偏身感觉障碍和偏盲；优势半球受累可有失语、病变侧颈动脉搏动减弱或消失。', '脑血栓', '991', '大脑前动脉闭塞综合征  皮质支闭塞出现对侧下肢运动和感觉障碍，可有排尿障碍。深穿支闭塞出现对侧上肢瘫痪和中枢性面、舌瘫。双侧大脑前动脉闭塞时，可出现强握、吸吮反射、淡漠、欣快等精神症状。', '大脑中动脉闭塞综合征  主干闭塞出现对侧偏瘫、偏身感觉障碍和对侧同向偏盲，优势半球受累可出现失语。皮质支闭塞出现以对侧面部和上肢为重的运动及感觉障碍。深穿支闭塞引起对侧肢体的偏瘫，一般无感觉障碍及偏盲。', '椎-基底动脉闭塞综合征  主干闭塞常引起脑干广泛梗死，出现脑神经及小脑症状，如眩晕、呕吐、共济失调、瞳孔缩小、四肢瘫痪、肺水肿、消化道出血、昏迷、高热，常因病情危重而死亡。其分支闭塞，表现视梗死部位而定，常有交叉性感觉或运动障碍。', '小脑后下动脉或椎动脉闭塞综合征  主要表现：①眩晕、呕吐、眼球震颤；②交叉性感觉障碍；③同侧霍纳征；④吞咽困难或声音嘶哑；⑤同侧小脑性共济失调。', null, null, null);
INSERT INTO `sys_intelligent_guide_disease` VALUES ('407', '常伴有高血压，起病常较突然，部分病人以短暂性脑缺血发作起病，但持续时间超过数小时。多在白天活动中发病。临床表现多样，特点是症状较轻、体征单一、预后较好；无头痛、颅内高压和意识障碍。可表现为单纯的运动障碍如轻偏瘫；单纯偏身感觉障碍；或较轻的发音障碍、共济运动失调。反复发作出现多发性梗塞时，病人可出现痴呆或类帕金森综合征、尿便失禁等。', '腔隙性脑梗死', '991', null, null, null, null, null, null, null);
INSERT INTO `sys_intelligent_guide_disease` VALUES ('408', '内囊外侧部出血（壳核出血），称外侧型，表现为突发的病灶对侧偏瘫、偏身感觉障碍和同向偏盲；双眼球不能向病灶对侧凝视，优势半球病变可有失语，意识障碍可较轻。', '脑出血-内囊出血', '991', '内囊的内侧部出血（丘脑出血）称内侧型，也表现为突发病灶对侧偏瘫、偏身感觉障碍、甚至偏盲，可有特征性眼征，如上视障碍或凝视鼻尖、无反应性小瞳孔等，意识障碍较重。', '若内侧型出血严重或出血波及内囊的内外侧（称混合型），病人病情危重，发病后立即进人深昏迷、鼾声呼吸、反复呕吐咖啡色液体，面色潮红或苍白，两侧瞳孔大小不等，双眼凝视病灶侧，生命体征不稳定。', '瘫痪侧面颊随呼吸鼓起并有嘴角漏气，瘫痪肢体肌张力下降。巴宾斯基征阳性。', '极重者出现四肢强直性痉挛，死亡率极高。', null, null, null);
INSERT INTO `sys_intelligent_guide_disease` VALUES ('409', '表现为头痛、呕吐等颅内高压症状和出血脑叶的局灶症状，如单瘫、失语、抽搐或精神症状、智能障碍等。', '脑出血-脑叶出血', '991', null, null, null, null, null, null, null);
INSERT INTO `sys_intelligent_guide_disease` VALUES ('410', '  如出血量少仅限于一侧，可表现为交叉瘫。多数出血波及整个脑桥，病人迅速昏迷，四肢瘫痪，双侧病理反射阳性，双瞳孔针尖大小，中枢性高热，呼吸障碍，去大脑强直。多在数小时至48小时内死亡。', '脑出血-脑桥出血', '991', null, null, null, null, null, null, null);
INSERT INTO `sys_intelligent_guide_disease` VALUES ('411', '轻症表现为眩晕、呕吐、枕部疼痛、共济失调、眼球震颤，无\n 22  肢体瘫痪。重症者血液破人第四脑室，病人很快昏迷，常因急性枕骨大孔疝而迅速死亡。', '脑出血-小脑出血  ', '991', null, null, null, null, null, null, null);
INSERT INTO `sys_intelligent_guide_disease` VALUES ('412', '多为继发性，由脑实质出血破人脑室内所致，以侧脑室为多。起病急骤、头痛、呕吐、深昏迷、脑膜刺激征阳性、四肢弛缓性瘫痪，有阵发性强直性痉挛或去大脑强直状态。病情严重，预后极差。', '脑出血-脑室出血  ', '991', null, null, null, null, null, null, null);
INSERT INTO `sys_intelligent_guide_disease` VALUES ('413', '突然发生剧烈头痛、呕吐、脑膜刺激征及血性脑脊液。多在剧烈活动中或活动后出现爆裂样局限性或全头部疼痛，伴有短暂意识障碍、项背部或下肢疼痛、畏光等。发病后数小时内可出现脑膜刺激征，眼底可见视网膜出血、视乳头水肿，少数病人可见玻璃体膜下片块状出血。轻症病人症状不明显；老年病人头痛、脑膜刺激征可不显著而以意识障碍为主。', '脑出血-蛛网膜下腔出血', '991', null, null, null, null, null, null, null);
INSERT INTO `sys_intelligent_guide_disease` VALUES ('414', '表现为被害，夸大，嫉妒，疑病等，若有幻觉则历时短暂且不突出。在不涉及妄想的情况下，无明显的其他心理方面异常。社会功能保持较好，不出现精神衰退，30岁以后起病者较多，多有偏执人格为基础，难以治愈，多呈慢性化。', '偏执性精神障碍', '991', null, null, null, null, null, null, null);
INSERT INTO `sys_intelligent_guide_disease` VALUES ('415', '病人认为社会中存在针对他的恶势力，有计划地迫害他，未达到目的不择手段、不惜代价。病人不断扩大自己的对立面，从最初的对手扩展到一个部门乃至整个社会，谁不相信他讲的话，谁就是被敌人收买了。为此患者会一次次、一级级上告，不达目的，誓不罢休。', '被害妄想', '991', null, null, null, null, null, null, null);
INSERT INTO `sys_intelligent_guide_disease` VALUES ('416', '多见于男性。他们无端怀疑配偶的忠贞，千方百计搜集所谓证据，逼迫配偶“招供”、写“保证书”，但所有这一切只会令情况更加恶化。有时患者会在妄想支配下产生伤害行为。', '嫉妒妄想', '991', null, null, null, null, null, null, null);
INSERT INTO `sys_intelligent_guide_disease` VALUES ('417', '多见于未婚中年女性。她所认定的爱人多具有较高的社会地位、名声，也有妻室。患者坚信对方通过各种暗示传达爱意，并认为只有自己才能给对方带来真正的幸福。', '钟情妄想', '991', null, null, null, null, null, null, null);
INSERT INTO `sys_intelligent_guide_disease` VALUES ('418', '是在病人与周围环境发生多次冲突的基础上发展起来的。当遇到挫折时将事实加以曲解，认为别人对他不信任，有意作弄。把别人的言语、行动和态度与自己的主观想象相结合，感到周围的人有意迫害他，从而形成偏执观念。在妄想的影响下，病人与周围的冲突必然增加，反过来又加强了他们的妄想。他们认为受到迫害，到处伸冤诉苦或奔走上诉，不达目的誓不罢休。当他们稍有成效时，即认为斗争取得胜利，进一步加强了妄想观念。', '偏执狂', '991', null, null, null, null, null, null, null);
INSERT INTO `sys_intelligent_guide_disease` VALUES ('419', '维生素A 缺乏时主要症状有①眼部症状：如夜盲症（或晚上视力差）、目赤多泪，结膜干燥症（常有眨眼及畏光）、角膜软化（开始角膜失去光泽，继则发生混浊），继之会引起失明。②皮肤粘膜症状：皮肤干燥脱屑、搔痒、角化、毛发干脆、稀少、前囟隆突。', '营养缺乏证', '1015', '维生素B1 缺乏症一般症状表现为：烦躁，夜啼，食欲减退，软弱无力，吐奶，尿量减少，多睡少醒，水肿，或心力衰竭。', '维生素D 缺乏而引起。症状是多汗，夜惊、肌肉松驰，枕后脱发圈，前囱晚闭，出牙迟。重症有骨骼发育障碍，如颅骨软化，方颅、肋骨串珠，胁隔沟（赫氏沟），及手镯，脚镯，会坐以后脊柱后弯，下肢呈“O”型或“X”型腿、鸡胸。多发生在3岁以内的婴幼儿。', null, null, null, null, null);
INSERT INTO `sys_intelligent_guide_disease` VALUES ('420', '鼻塞、流涕、头痛、咽痛、咳嗽或有发热等症状，或  扁桃体红肿、化脓。婴幼儿常可出现呕吐。腹泻，一时性高热，抽搐等兼证。', '上呼吸道感染', '1015', null, null, null, null, null, null, null);
INSERT INTO `sys_intelligent_guide_disease` VALUES ('421', '初起干咳，后有痰，一般无发热，但婴幼儿可有发热气促、呕吐。肺部听诊一般无异常，但可有少许干性啰音或散在性湿啰音。', '急性支气管炎', '1015', null, null, null, null, null, null, null);
INSERT INTO `sys_intelligent_guide_disease` VALUES ('422', '轻者只有轻度发热、咳嗽、气促、痰稀薄、轻微鼻煽；重者烦躁不宁、喘憋、呼吸时呻 吟、浅快、鼻煽、三凹征、口唇及指甲青紫、或嗜睡萎靡，面色发灰、心衰、惊厥等。', '肺炎', '1015', null, null, null, null, null, null, null);
INSERT INTO `sys_intelligent_guide_disease` VALUES ('423', null, null, '1015', null, null, null, null, null, null, null);
INSERT INTO `sys_intelligent_guide_disease` VALUES ('424', '初有上呼吸道感染症状，发热不高，咳嗽，不咳时喉部常听到痰鸣。哭吵、烦躁时咳喘加剧可伴哮喘性呼吸困难，喘呜甚响。肺部听诊呼气延长以哮呜为主，吸气时可闻湿性啰音。', '喘息性支气管炎', '1015', null, null, null, null, null, null, null);
INSERT INTO `sys_intelligent_guide_disease` VALUES ('425', '有反复发作史，具发作性特点，起病急，喉中哮鸣，气喘痰壅，咳嗽胸闷，呼吸困难，不能平卧，如以后逐渐平复，则为轻证。如持续不解，甚至出现张口抬肩、面色灰青、肢冷汗出、面目浮肿、脉微弱欲绝，则多为险逆之证。', '支气管哮喘', '1015', null, null, null, null, null, null, null);
INSERT INTO `sys_intelligent_guide_disease` VALUES ('426', '口腔、颊粘膜，舌上有白色如乳块样白屑，有流涎，拒食、烦躁等症。', '鹅口疮', '1015', null, null, null, null, null, null, null);
INSERT INTO `sys_intelligent_guide_disease` VALUES ('427', '口腔粘膜，舌面、舌尖、齿龈或上胯出现大小不等黄白色如豆粒样溃疡点，流涎，易出血口臭。', '口腔溃疡', '1015', null, null, null, null, null, null, null);
INSERT INTO `sys_intelligent_guide_disease` VALUES ('428', '小儿较长时期食欲不振，食量减少，不思饮食，甚至拒食，而精神状态较正常的一种常见病症。', '厌食', '1015', null, null, null, null, null, null, null);
INSERT INTO `sys_intelligent_guide_disease` VALUES ('429', '小儿常见症状，是指胃脘以下脐之周围及小腹疼痛为主要的病证。腹痛的范围很广，是许多内外科疾病均可见的症状。婴儿不会诉说腹病。只会啼哭，较大儿童虽能诉述疼痛，但往往不能正确表达腹痛部位，因此如在小孩诉说腹痛或表现为突然啼哭，时作时缓，弯腰捧腹，双眉紧蹙时，最好能就近诊治，以免贻误病情。', '腹痛', '1015', null, null, null, null, null, null, null);
INSERT INTO `sys_intelligent_guide_disease` VALUES ('430', '大便次数增多，及粪质稀烂或呈水样，蛋花样或有粘液，不消化食物残渣。', '小儿肠炎', '1015', null, null, null, null, null, null, null);
INSERT INTO `sys_intelligent_guide_disease` VALUES ('431', '心悸、气短、胸闷、心前区痛、乏力头晕。新生儿可体温不升，乏力、拒食或呕吐、气促、鼻煽、青紫，易误为肺炎。严重者可出现充血性心力衰竭或心源性休克。', '心肌炎', '1015', null, null, null, null, null, null, null);
INSERT INTO `sys_intelligent_guide_disease` VALUES ('432', '尿频、尿急、尿痛、尿浊或血尿，或伴有发热；起病急为特点。好发年龄为2 个月至2 岁婴幼儿，女孩较多见。', '泌尿系感染', '1015', '急性期：起病急，婴儿有高热，偶发惊厥、面色苍白、烦躁、食欲差、有呕吐、腹泻等肠胃症状，童有寒战发热、尿频尿急、尿痛、尿浊或血尿。', '慢性期：间歇发热、面色苍白、精神差、消瘦，晚期可出现高血压、尿毒症。', null, null, null, null, null);
INSERT INTO `sys_intelligent_guide_disease` VALUES ('433', '大发作。突然昏仆，不醒人事，四肢强直，握拳，肌肉及颜面抽动，两目上视，口吐白沫，或作各种，怪叫声，数分钟后清醒。持续数小时以上者称癫痫持续状态。', '癫痫', '1015', '小发作。突发短暂意识丧失，两目凝视、动作语言中止，不昏仆，不抽搐，一般不超过30 秒种即恢复如常。', '肌阵挛发作。仅某肌或肌群的收缩、抽动、屈伸、无意识障碍。', '要儿痉挛症，是多在1 岁以内婴儿发作的一种肌阵挛症。发作时头及躯干前屈，上肢前伸或屈曲内收，下肢屈曲至腹，握拳、两眼斜视或上翻，经数秒钟后缓解，但数秒钟后再发抽搐，呈一连串发作。', '局限性运动性发作：突发性一侧肢体远端抽搐，或手指、足趾、口角、眼睑，亦可扩展至半身，或突然语蹇，不能表达意思。', '局限性感觉性发作：发作时有感觉异常（麻、痛、针刺、烧的）或特殊感觉（视、听、嗅）异常。 ', '局限性精神症状发作：为记忆障碍，幻觉、错觉、失语，或其他功能紊乱。 ', null);
INSERT INTO `sys_intelligent_guide_disease` VALUES ('434', '肛门或会阴瘙痒，引起失眠、遗尿或手淫。晚间入睡后，可在肛门及会阴部找到白色细小线状的蛲虫。', '蛲虫病', '1015', null, null, null, null, null, null, null);
INSERT INTO `sys_intelligent_guide_disease` VALUES ('435', '有接触粪便泥土或生饮生食史。轻者可无症状，一般以贫血为主，乏力、面苍白、食欲差，或有异嗜癖，幼虫侵入皮肤发痒，可出现皮疹与尊麻疹，幼虫经肺可引起咳嗽或气管炎。', '钩虫病', '1015', null, null, null, null, null, null, null);
INSERT INTO `sys_intelligent_guide_disease` VALUES ('436', '以间歇发作，连续不断的痉挛性咳嗽，最后伴有特殊的鸡鸣样的吸气为其特征。', '百日咳', '1015', null, null, null, null, null, null, null);
INSERT INTO `sys_intelligent_guide_disease` VALUES ('437', '以发热，咽峡炎，全身猩红色皮疹和疹退后明显皮肤脱屑为特点。', '猩红热', '1015', null, null, null, null, null, null, null);
INSERT INTO `sys_intelligent_guide_disease` VALUES ('438', '发热、腹痛、里急后重及便脓血为特征。 ', '细菌性痢疾', '1015', null, null, null, null, null, null, null);
INSERT INTO `sys_intelligent_guide_disease` VALUES ('439', '婴幼儿的伤寒多不典型，发病较急，发热，头痛，厌食，腹泻。起病第1～2 周，可见咳嗽、咽红、上呼吸道炎症状，发热病程长短不一，病情多较轻。', '伤寒', '1015', '学龄儿童伤寒患者与成人相似，持续发热，呈稽留、纳呆便秘、表情淡漠、玫瑰皮疹、腹胀、舌苔厚腻、肝脾肿大。', null, null, null, null, null, null);
INSERT INTO `sys_intelligent_guide_disease` VALUES ('440', '急性胃肠炎型——起病急，病程短，呕吐、腹泻、腹痛、高热。', '副伤寒', '1015', '伤寒型——临床表现与伤寒接近。', '败血症型——多为新生儿和婴儿，发病急、高热恶寒、恶心呕吐、精神萎靡或有脑膜刺激征，新生儿多发生黄疸。 ', null, null, null, null, null);
INSERT INTO `sys_intelligent_guide_disease` VALUES ('441', '潜伏期1～7 天，起病急，高热、头痛、烦躁，喷射性呕吐，皮肤有出血点，或有脑膜刺激征。婴儿则表现嗜睡或易惊等精神异常。尖叫，两眼凝视，或见惊厥，拒乳，皮肤出血点，颈有抵抗及脑膜刺激征。', '流行性脑脊髓膜炎', '1015', null, null, null, null, null, null, null);
INSERT INTO `sys_intelligent_guide_disease` VALUES ('442', '全身或局部抽搐痉挛，常伴神志障碍', '惊厥', '1015', null, null, null, null, null, null, null);

-- ----------------------------
-- Table structure for `sys_intelligent_guide_symptom`
-- ----------------------------
DROP TABLE IF EXISTS `sys_intelligent_guide_symptom`;
CREATE TABLE `sys_intelligent_guide_symptom` (
  `id` INTEGER PRIMARY KEY AUTOINCREMENT ,
  `parts` VARCHAR,
  `symptom` VARCHAR
) ;


INSERT INTO `sys_intelligent_guide_symptom` VALUES ('1', '全身', '发热');
INSERT INTO `sys_intelligent_guide_symptom` VALUES ('2', '全身', '抽搐惊厥');
INSERT INTO `sys_intelligent_guide_symptom` VALUES ('3', '全身', '乏力虚汗');
INSERT INTO `sys_intelligent_guide_symptom` VALUES ('4', '全身', '失眠');
INSERT INTO `sys_intelligent_guide_symptom` VALUES ('5', '全身', '食欲不振');
INSERT INTO `sys_intelligent_guide_symptom` VALUES ('6', '全身', '黄疸');
INSERT INTO `sys_intelligent_guide_symptom` VALUES ('7', '头面部', '水肿');
INSERT INTO `sys_intelligent_guide_symptom` VALUES ('8', '头面部', '咳嗽咳痰');
INSERT INTO `sys_intelligent_guide_symptom` VALUES ('9', '头面部', '咳血');
INSERT INTO `sys_intelligent_guide_symptom` VALUES ('10', '头面部', '发绀');
INSERT INTO `sys_intelligent_guide_symptom` VALUES ('11', '头面部', '头痛');
INSERT INTO `sys_intelligent_guide_symptom` VALUES ('12', '头面部', '眩晕');
INSERT INTO `sys_intelligent_guide_symptom` VALUES ('13', '头面部', '晕厥');
INSERT INTO `sys_intelligent_guide_symptom` VALUES ('14', '胸背部', '胸痛');
INSERT INTO `sys_intelligent_guide_symptom` VALUES ('15', '胸背部', '呼吸困难');
INSERT INTO `sys_intelligent_guide_symptom` VALUES ('16', '胸背部', '心悸');
INSERT INTO `sys_intelligent_guide_symptom` VALUES ('17', '胸背部', '恶心呕吐');
INSERT INTO `sys_intelligent_guide_symptom` VALUES ('18', '胸背部', '皮肤黏膜出血');
INSERT INTO `sys_intelligent_guide_symptom` VALUES ('19', '胸背部', '呕血');
INSERT INTO `sys_intelligent_guide_symptom` VALUES ('20', '胸背部', '肿块');
INSERT INTO `sys_intelligent_guide_symptom` VALUES ('21', '胸背部', '腰背疼');
INSERT INTO `sys_intelligent_guide_symptom` VALUES ('22', '腹部', '便血');
INSERT INTO `sys_intelligent_guide_symptom` VALUES ('23', '腹部', '腹痛');
INSERT INTO `sys_intelligent_guide_symptom` VALUES ('24', '腹部', '腹泻');
INSERT INTO `sys_intelligent_guide_symptom` VALUES ('25', '腹部', '便秘');
INSERT INTO `sys_intelligent_guide_symptom` VALUES ('26', '腹部', '肿块');
INSERT INTO `sys_intelligent_guide_symptom` VALUES ('27', '四肢关节', '关节疼');
INSERT INTO `sys_intelligent_guide_symptom` VALUES ('28', '四肢关节', '皮肤黏膜出血');
INSERT INTO `sys_intelligent_guide_symptom` VALUES ('29', '四肢关节', '水肿');
INSERT INTO `sys_intelligent_guide_symptom` VALUES ('30', '四肢关节', '疼痛');
INSERT INTO `sys_intelligent_guide_symptom` VALUES ('31', '四肢关节', '肿块');
INSERT INTO `sys_intelligent_guide_symptom` VALUES ('32', '四肢关节', '感觉消退');
INSERT INTO `sys_intelligent_guide_symptom` VALUES ('33', '腹部', '血尿');
INSERT INTO `sys_intelligent_guide_symptom` VALUES ('34', '腹部', '尿频、尿急与尿痛');
INSERT INTO `sys_intelligent_guide_symptom` VALUES ('35', '腹部', '少尿、无尿');
INSERT INTO `sys_intelligent_guide_symptom` VALUES ('36', '腹部', '多尿');

-- ----------------------------
-- Table structure for `sys_intelligent_guide_symptom_department`
-- ----------------------------
DROP TABLE IF EXISTS `sys_intelligent_guide_symptom_department`;
CREATE TABLE `sys_intelligent_guide_symptom_department` (
  `id` int(11) NOT NULL AUTO_INCREMENT,
  `department_name` varchar(255) DEFAULT NULL,
  `symptom_id` int(11) DEFAULT NULL,
  `weight` varchar(255) DEFAULT NULL,
  PRIMARY KEY (`id`),
  KEY `FK745D0C45349EBA98` (`symptom_id`) USING BTREE,
  CONSTRAINT `sys_intelligent_guide_symptom_department_ibfk_1` FOREIGN KEY (`symptom_id`) REFERENCES `sys_intelligent_guide_symptom` (`id`)
) ENGINE=InnoDB AUTO_INCREMENT=254 DEFAULT CHARSET=utf8;

-- ----------------------------
-- Records of sys_intelligent_guide_symptom_department
-- ----------------------------
INSERT INTO `sys_intelligent_guide_symptom_department` VALUES ('1', '呼吸内科', '1', '1.85');
INSERT INTO `sys_intelligent_guide_symptom_department` VALUES ('2', '神经内科', '2', '1.8');
INSERT INTO `sys_intelligent_guide_symptom_department` VALUES ('3', '心血管内科', '3', '1.5');
INSERT INTO `sys_intelligent_guide_symptom_department` VALUES ('4', '神经内科', '4', '1.7');
INSERT INTO `sys_intelligent_guide_symptom_department` VALUES ('5', '消化内科', '5', '1.85');
INSERT INTO `sys_intelligent_guide_symptom_department` VALUES ('6', '消化内科', '6', '1.85');
INSERT INTO `sys_intelligent_guide_symptom_department` VALUES ('7', '肾内科', '7', '1.8');
INSERT INTO `sys_intelligent_guide_symptom_department` VALUES ('8', '呼吸内科', '8', '1.7');
INSERT INTO `sys_intelligent_guide_symptom_department` VALUES ('9', '呼吸内科', '9', '1.7');
INSERT INTO `sys_intelligent_guide_symptom_department` VALUES ('10', '呼吸内科', '10', '1.7');
INSERT INTO `sys_intelligent_guide_symptom_department` VALUES ('11', '神经内科', '11', '1.7');
INSERT INTO `sys_intelligent_guide_symptom_department` VALUES ('12', '神经内科', '12', '1.7');
INSERT INTO `sys_intelligent_guide_symptom_department` VALUES ('13', '心血管内科', '13', '1.55');
INSERT INTO `sys_intelligent_guide_symptom_department` VALUES ('14', '心血管内科', '14', '1.8');
INSERT INTO `sys_intelligent_guide_symptom_department` VALUES ('15', '呼吸内科', '15', '1.75');
INSERT INTO `sys_intelligent_guide_symptom_department` VALUES ('16', '心血管内科', '16', '1.85');
INSERT INTO `sys_intelligent_guide_symptom_department` VALUES ('17', '消化内科', '17', '1.85');
INSERT INTO `sys_intelligent_guide_symptom_department` VALUES ('18', '血液内科', '18', '1.65');
INSERT INTO `sys_intelligent_guide_symptom_department` VALUES ('19', '消化内科', '19', '1.8');
INSERT INTO `sys_intelligent_guide_symptom_department` VALUES ('20', '呼吸内科', '20', '1.55');
INSERT INTO `sys_intelligent_guide_symptom_department` VALUES ('21', '骨外科', '21', '1.65');
INSERT INTO `sys_intelligent_guide_symptom_department` VALUES ('22', '消化内科', '22', '1.7');
INSERT INTO `sys_intelligent_guide_symptom_department` VALUES ('23', '消化内科', '23', '1.7');
INSERT INTO `sys_intelligent_guide_symptom_department` VALUES ('24', '消化内科', '24', '1.7');
INSERT INTO `sys_intelligent_guide_symptom_department` VALUES ('25', '消化内科', '25', '1.7');
INSERT INTO `sys_intelligent_guide_symptom_department` VALUES ('26', '消化内科', '26', '1.75');
INSERT INTO `sys_intelligent_guide_symptom_department` VALUES ('27', '骨外科', '27', '1.8');
INSERT INTO `sys_intelligent_guide_symptom_department` VALUES ('28', '血液内科', '28', '1.8');
INSERT INTO `sys_intelligent_guide_symptom_department` VALUES ('29', '肾内科', '29', '1.75');
INSERT INTO `sys_intelligent_guide_symptom_department` VALUES ('30', '骨外科', '30', '1.7');
INSERT INTO `sys_intelligent_guide_symptom_department` VALUES ('31', '骨外科', '31', '1.7');
INSERT INTO `sys_intelligent_guide_symptom_department` VALUES ('32', '神经内科', '32', '1.65');
INSERT INTO `sys_intelligent_guide_symptom_department` VALUES ('33', '肾内科', '33', '1.75');
INSERT INTO `sys_intelligent_guide_symptom_department` VALUES ('34', '肾内科', '34', '1.75');
INSERT INTO `sys_intelligent_guide_symptom_department` VALUES ('35', '肾内科', '35', '1.75');
INSERT INTO `sys_intelligent_guide_symptom_department` VALUES ('36', '肾内科', '36', '1.65');
INSERT INTO `sys_intelligent_guide_symptom_department` VALUES ('37', '传染科', '1', '1.65');
INSERT INTO `sys_intelligent_guide_symptom_department` VALUES ('38', '消化内科', '2', '1.2');
INSERT INTO `sys_intelligent_guide_symptom_department` VALUES ('39', '血液内科', '3', '1.4');
INSERT INTO `sys_intelligent_guide_symptom_department` VALUES ('40', '心血管内科', '4', '1.55');
INSERT INTO `sys_intelligent_guide_symptom_department` VALUES ('41', '内分泌科', '5', '1.5');
INSERT INTO `sys_intelligent_guide_symptom_department` VALUES ('42', '血液内科', '6', '1.4');
INSERT INTO `sys_intelligent_guide_symptom_department` VALUES ('43', '变态反应科', '7', '1.2');
INSERT INTO `sys_intelligent_guide_symptom_department` VALUES ('44', '心血管内科', '8', '1.55');
INSERT INTO `sys_intelligent_guide_symptom_department` VALUES ('45', '心血管内科', '9', '1.55');
INSERT INTO `sys_intelligent_guide_symptom_department` VALUES ('46', '心血管内科', '10', '1.55');
INSERT INTO `sys_intelligent_guide_symptom_department` VALUES ('47', '心血管内科', '11', '1.6');
INSERT INTO `sys_intelligent_guide_symptom_department` VALUES ('48', '呼吸内科', '12', '1.55');
INSERT INTO `sys_intelligent_guide_symptom_department` VALUES ('49', '内分泌科', '13', '1.4');
INSERT INTO `sys_intelligent_guide_symptom_department` VALUES ('50', '呼吸内科', '14', '1.35');
INSERT INTO `sys_intelligent_guide_symptom_department` VALUES ('51', '心血管内科', '15', '1.5');
INSERT INTO `sys_intelligent_guide_symptom_department` VALUES ('52', '内分泌科', '16', '1.6');
INSERT INTO `sys_intelligent_guide_symptom_department` VALUES ('53', '神经内科', '17', '1.65');
INSERT INTO `sys_intelligent_guide_symptom_department` VALUES ('54', '肾内科', '18', '1.3');
INSERT INTO `sys_intelligent_guide_symptom_department` VALUES ('55', '血液内科', '19', '1.55');
INSERT INTO `sys_intelligent_guide_symptom_department` VALUES ('56', '心血管内科', '20', '1.5');
INSERT INTO `sys_intelligent_guide_symptom_department` VALUES ('57', '呼吸内科', '21', '1.45');
INSERT INTO `sys_intelligent_guide_symptom_department` VALUES ('58', '血液内科', '22', '1.5');
INSERT INTO `sys_intelligent_guide_symptom_department` VALUES ('59', '心血管内科', '23', '1.35');
INSERT INTO `sys_intelligent_guide_symptom_department` VALUES ('60', '传染科', '24', '1.5');
INSERT INTO `sys_intelligent_guide_symptom_department` VALUES ('61', '肾内科', '25', '1.35');
INSERT INTO `sys_intelligent_guide_symptom_department` VALUES ('62', '血液内科', '26', '1.55');
INSERT INTO `sys_intelligent_guide_symptom_department` VALUES ('63', '结缔组织病', '27', '1.65');
INSERT INTO `sys_intelligent_guide_symptom_department` VALUES ('64', '骨外科', '28', '1.5');
INSERT INTO `sys_intelligent_guide_symptom_department` VALUES ('65', '心血管内科', '29', '1.25');
INSERT INTO `sys_intelligent_guide_symptom_department` VALUES ('66', '结缔组织病', '30', '1.55');
INSERT INTO `sys_intelligent_guide_symptom_department` VALUES ('67', '结缔组织病', '31', '1.5');
INSERT INTO `sys_intelligent_guide_symptom_department` VALUES ('68', '骨外科', '32', '1.45');
INSERT INTO `sys_intelligent_guide_symptom_department` VALUES ('69', '血液内科', '33', '1.55');
INSERT INTO `sys_intelligent_guide_symptom_department` VALUES ('70', '内分泌科', '34', '1.45');
INSERT INTO `sys_intelligent_guide_symptom_department` VALUES ('71', '内分泌科', '35', '1.45');
INSERT INTO `sys_intelligent_guide_symptom_department` VALUES ('72', '内分泌科', '36', '1.6');
INSERT INTO `sys_intelligent_guide_symptom_department` VALUES ('73', '变态反应科', '1', '1.45');
INSERT INTO `sys_intelligent_guide_symptom_department` VALUES ('74', '心血管内科', '2', '1.1');
INSERT INTO `sys_intelligent_guide_symptom_department` VALUES ('75', '内分泌科', '3', '1.35');
INSERT INTO `sys_intelligent_guide_symptom_department` VALUES ('76', '呼吸内科', '4', '1.3');
INSERT INTO `sys_intelligent_guide_symptom_department` VALUES ('77', '肾内科', '5', '1.4');
INSERT INTO `sys_intelligent_guide_symptom_department` VALUES ('78', '传染科', '6', '1.2');
INSERT INTO `sys_intelligent_guide_symptom_department` VALUES ('79', '内分泌科', '7', '1.05');
INSERT INTO `sys_intelligent_guide_symptom_department` VALUES ('81', '血液内科', '9', '1.15');
INSERT INTO `sys_intelligent_guide_symptom_department` VALUES ('82', '血液内科', '10', '1.15');
INSERT INTO `sys_intelligent_guide_symptom_department` VALUES ('83', '呼吸内科', '11', '1.45');
INSERT INTO `sys_intelligent_guide_symptom_department` VALUES ('84', '心血管内科', '12', '1.55');
INSERT INTO `sys_intelligent_guide_symptom_department` VALUES ('85', '神经内科', '13', '1.4');
INSERT INTO `sys_intelligent_guide_symptom_department` VALUES ('86', '消化内科', '14', '1.2');
INSERT INTO `sys_intelligent_guide_symptom_department` VALUES ('87', '神经内科', '15', '1.35');
INSERT INTO `sys_intelligent_guide_symptom_department` VALUES ('88', '神经内科', '16', '1.2');
INSERT INTO `sys_intelligent_guide_symptom_department` VALUES ('89', '内分泌科', '17', '1.35');
INSERT INTO `sys_intelligent_guide_symptom_department` VALUES ('90', '消化内科', '18', '1.15');
INSERT INTO `sys_intelligent_guide_symptom_department` VALUES ('91', '结缔组织病', '19', '1.25');
INSERT INTO `sys_intelligent_guide_symptom_department` VALUES ('92', '消化内科', '20', '1.4');
INSERT INTO `sys_intelligent_guide_symptom_department` VALUES ('93', '消化内科', '21', '1.35');
INSERT INTO `sys_intelligent_guide_symptom_department` VALUES ('94', '肾内科', '22', '1.2');
INSERT INTO `sys_intelligent_guide_symptom_department` VALUES ('95', '肾内科', '23', '1.25');
INSERT INTO `sys_intelligent_guide_symptom_department` VALUES ('96', '血液内科', '24', '1.3');
INSERT INTO `sys_intelligent_guide_symptom_department` VALUES ('97', '内分泌科', '25', '1.35');
INSERT INTO `sys_intelligent_guide_symptom_department` VALUES ('98', '骨外科', '26', '1.25');
INSERT INTO `sys_intelligent_guide_symptom_department` VALUES ('99', '变态反应科', '27', '1.5');
INSERT INTO `sys_intelligent_guide_symptom_department` VALUES ('100', '心血管内科', '28', '1.25');
INSERT INTO `sys_intelligent_guide_symptom_department` VALUES ('102', '血液内科', '30', '1.1');
INSERT INTO `sys_intelligent_guide_symptom_department` VALUES ('103', '肾内科', '31', '1.3');
INSERT INTO `sys_intelligent_guide_symptom_department` VALUES ('104', '血液内科', '32', '1.1');
INSERT INTO `sys_intelligent_guide_symptom_department` VALUES ('105', '心血管内科', '33', '1.35');
INSERT INTO `sys_intelligent_guide_symptom_department` VALUES ('106', '消化内科', '34', '1.15');
INSERT INTO `sys_intelligent_guide_symptom_department` VALUES ('109', '消化内科', '1', '1.25');
INSERT INTO `sys_intelligent_guide_symptom_department` VALUES ('110', '结缔组织病', '2', '1');
INSERT INTO `sys_intelligent_guide_symptom_department` VALUES ('111', '呼吸内科', '3', '1.25');
INSERT INTO `sys_intelligent_guide_symptom_department` VALUES ('112', '消化内科', '4', '1.2');
INSERT INTO `sys_intelligent_guide_symptom_department` VALUES ('113', '血液内科', '5', '1.1');
INSERT INTO `sys_intelligent_guide_symptom_department` VALUES ('114', '呼吸内科', '6', '1.1');
INSERT INTO `sys_intelligent_guide_symptom_department` VALUES ('117', '传染科', '9', '1.05');
INSERT INTO `sys_intelligent_guide_symptom_department` VALUES ('119', '骨外科', '11', '1.35');
INSERT INTO `sys_intelligent_guide_symptom_department` VALUES ('120', '骨外科', '12', '1.45');
INSERT INTO `sys_intelligent_guide_symptom_department` VALUES ('121', '呼吸内科', '13', '1.2');
INSERT INTO `sys_intelligent_guide_symptom_department` VALUES ('122', '骨外科', '14', '1.1');
INSERT INTO `sys_intelligent_guide_symptom_department` VALUES ('123', '消化内科', '15', '1.1');
INSERT INTO `sys_intelligent_guide_symptom_department` VALUES ('125', '骨外科', '17', '1.3');
INSERT INTO `sys_intelligent_guide_symptom_department` VALUES ('127', '肾内科', '19', '1.25');
INSERT INTO `sys_intelligent_guide_symptom_department` VALUES ('128', '骨外科', '20', '1.1');
INSERT INTO `sys_intelligent_guide_symptom_department` VALUES ('129', '肾内科', '21', '1.35');
INSERT INTO `sys_intelligent_guide_symptom_department` VALUES ('130', '传染科', '22', '1.1');
INSERT INTO `sys_intelligent_guide_symptom_department` VALUES ('131', '血液内科', '23', '1.2');
INSERT INTO `sys_intelligent_guide_symptom_department` VALUES ('132', '变态反应科', '24', '1.2');
INSERT INTO `sys_intelligent_guide_symptom_department` VALUES ('133', '血液内科', '25', '1.1');
INSERT INTO `sys_intelligent_guide_symptom_department` VALUES ('135', '血液内科', '27', '1.45');
INSERT INTO `sys_intelligent_guide_symptom_department` VALUES ('138', '肾内科', '30', '1.1');
INSERT INTO `sys_intelligent_guide_symptom_department` VALUES ('141', '骨外科', '33', '1.15');
INSERT INTO `sys_intelligent_guide_symptom_department` VALUES ('145', '血液内科', '1', '1.25');
INSERT INTO `sys_intelligent_guide_symptom_department` VALUES ('147', '肾内科', '3', '1.1');
INSERT INTO `sys_intelligent_guide_symptom_department` VALUES ('148', '内分泌科', '4', '1.1');
INSERT INTO `sys_intelligent_guide_symptom_department` VALUES ('155', '血液内科', '11', '1.15');
INSERT INTO `sys_intelligent_guide_symptom_department` VALUES ('156', '内分泌科', '12', '1.2');
INSERT INTO `sys_intelligent_guide_symptom_department` VALUES ('157', '血液内科', '13', '1.05');
INSERT INTO `sys_intelligent_guide_symptom_department` VALUES ('159', '内分泌科', '15', '1.05');
INSERT INTO `sys_intelligent_guide_symptom_department` VALUES ('163', '心血管内科', '19', '1.15');
INSERT INTO `sys_intelligent_guide_symptom_department` VALUES ('165', '神经内科', '21', '1.2');
INSERT INTO `sys_intelligent_guide_symptom_department` VALUES ('167', '内分泌科', '23', '1.1');
INSERT INTO `sys_intelligent_guide_symptom_department` VALUES ('171', '传染科', '27', '1.3');
INSERT INTO `sys_intelligent_guide_symptom_department` VALUES ('181', '心血管内科', '1', '1.2');
INSERT INTO `sys_intelligent_guide_symptom_department` VALUES ('183', '神经内科', '3', '1');
INSERT INTO `sys_intelligent_guide_symptom_department` VALUES ('191', '内分泌科', '11', '1.15');
INSERT INTO `sys_intelligent_guide_symptom_department` VALUES ('192', '血液内科', '12', '1.1');
INSERT INTO `sys_intelligent_guide_symptom_department` VALUES ('195', '肾内科', '15', '1.05');
INSERT INTO `sys_intelligent_guide_symptom_department` VALUES ('199', '呼吸内科', '19', '1.1');
INSERT INTO `sys_intelligent_guide_symptom_department` VALUES ('201', '结缔组织病', '21', '1.05');
INSERT INTO `sys_intelligent_guide_symptom_department` VALUES ('203', '变态反应科', '23', '1.1');
INSERT INTO `sys_intelligent_guide_symptom_department` VALUES ('207', '内分泌科', '27', '1.15');
INSERT INTO `sys_intelligent_guide_symptom_department` VALUES ('217', '内分泌科', '1', '1.15');
INSERT INTO `sys_intelligent_guide_symptom_department` VALUES ('227', '结缔组织病', '11', '1.05');
INSERT INTO `sys_intelligent_guide_symptom_department` VALUES ('231', '血液内科', '15', '1');
INSERT INTO `sys_intelligent_guide_symptom_department` VALUES ('235', '骨外科', '19', '1');
INSERT INTO `sys_intelligent_guide_symptom_department` VALUES ('253', '肾内科', '1', '1.05');

-- ----------------------------
-- Table structure for `sys_intervene_analysis`
-- ----------------------------
DROP TABLE IF EXISTS `sys_intervene_analysis`;
CREATE TABLE `sys_intervene_analysis` (
  `id` int(11) NOT NULL AUTO_INCREMENT,
  `resulet_type` varchar(255) NOT NULL,
  `resule_analysis` varchar(255) NOT NULL,
  `type_id` int(11) NOT NULL,
  `grade` int(11) NOT NULL,
  `diseas_id` int(11) NOT NULL DEFAULT '0',
  PRIMARY KEY (`id`)
) ENGINE=InnoDB AUTO_INCREMENT=62 DEFAULT CHARSET=utf8;

-- ----------------------------
-- Records of sys_intervene_analysis
-- ----------------------------
INSERT INTO `sys_intervene_analysis` VALUES ('1', '摄入总量不足', '食物摄入总量不足，身体会处于负平衡状态，长期摄入不足会出现身体消瘦、免疫力下降等状况，所以您需要保证每天食物摄入总量充足。', '9', '0', '0');
INSERT INTO `sys_intervene_analysis` VALUES ('2', '摄入总量超标', '食物摄入总量超标，长此以往多余的脂肪会贮存起来使您的身体变胖，而肥胖又是导致高血压、高血糖等慢性疾病“元凶”，为了您的健康，你需要减少每天食物的摄入量。', '9', '2', '0');
INSERT INTO `sys_intervene_analysis` VALUES ('3', '摄入总量超标+超重、肥胖', '您的超重与肥胖与食物摄入过多直接相关，而身体超重或肥胖又被称为“万病之源”，所以为了您的健康一定要控制饮食。', '9', '2', '23');
INSERT INTO `sys_intervene_analysis` VALUES ('4', '摄入总量正常', '您的摄入量正常，请保持。', '9', '1', '0');
INSERT INTO `sys_intervene_analysis` VALUES ('5', '主食不足', '长期主食摄入不足可出现乏力、头晕等症状，这是因为我们的身体主要是通过主食提供能量的，特别是为肌肉和大脑提供能量。所以主食不能吃得太少。', '1', '0', '0');
INSERT INTO `sys_intervene_analysis` VALUES ('6', '主食超标', '主食中多含有碳水化合物。长期主食摄入超标，体内多余的碳水化合物会转化为脂肪，进而引起肥胖。所以每天主食不能吃太多，您一定要控制好主食的量。', '1', '2', '0');
INSERT INTO `sys_intervene_analysis` VALUES ('7', '主食超标+糖尿病', '主食超标会使餐后血糖迅速升高，血糖波动过大，所以您一定要控制主食的量，而且做到粗细搭配。', '1', '2', '22');
INSERT INTO `sys_intervene_analysis` VALUES ('8', '主食正常', '您的摄入量正常，请保持。', '1', '1', '0');
INSERT INTO `sys_intervene_analysis` VALUES ('9', '蔬菜不足', '蔬菜摄入不足会导致体内膳食纤维缺乏，体内毒素无法及时排出，长期下来毒素进入血液循环，就会引发头痛、皮肤粗糙、发痘痘等。所以您需要每天吃够一斤蔬菜。', '2', '0', '0');
INSERT INTO `sys_intervene_analysis` VALUES ('10', '蔬菜不足+糖尿病', '蔬菜中的膳食纤维以纤维素、半纤维素、果胶等为主，它们在胃内停留时间长，还会干扰葡萄糖的吸收，从而具有降低餐后血糖和胰岛素水平的作用。所以您要多食蔬菜哦。', '2', '0', '22');
INSERT INTO `sys_intervene_analysis` VALUES ('11', '蔬菜超标', '长期蔬菜摄入超标，膳食纤维过多摄入，不光会造成钙的流失，而且还会使蛋白质、铁、维生素等其他营养素流失。所以蔬菜虽好，但也不是越多越好。', '2', '2', '0');
INSERT INTO `sys_intervene_analysis` VALUES ('12', '蔬菜正常', '您的摄入量正常，请保持。', '2', '1', '0');
INSERT INTO `sys_intervene_analysis` VALUES ('13', '肉蛋鱼不足', '肉蛋鱼可提供人体所必需的优质蛋白质。若长期肉蛋鱼摄入不足，就会导致蛋白质缺乏，进而出现水肿、生长迟缓、皮肤色素沉着等现象，所以您肉蛋鱼不能吃得太少。', '3', '0', '0');
INSERT INTO `sys_intervene_analysis` VALUES ('14', '肉蛋鱼超标', '肉蛋鱼中富含优质蛋白质，长期肉蛋鱼摄入超标，摄入过多的蛋白质会引起胃肠道功能紊乱，导致肝、肾负荷增加。所以您需要保证每天肉蛋鱼摄入量达标。', '3', '2', '0');
INSERT INTO `sys_intervene_analysis` VALUES ('15', '肉蛋鱼超标+血脂异常', '血脂异常的患者要尽量少吃或不吃肥肉，另外鸡蛋蛋黄含有丰富的胆固醇，所以高胆固醇血症的病人应适量限制蛋黄的摄入，一个星期之内可以隔天吃一个鸡蛋。', '3', '2', '24');
INSERT INTO `sys_intervene_analysis` VALUES ('16', '肉蛋鱼正常', '您的摄入量正常，请保持。', '3', '1', '0');
INSERT INTO `sys_intervene_analysis` VALUES ('17', '水果不足', '水果中富含多种维生素，长期水果摄入不足，就会因为体内缺乏维生素而出现肌体代谢失去平衡，免疫力下降等现象。所以您需要每天都吃水果哦。', '5', '0', '0');
INSERT INTO `sys_intervene_analysis` VALUES ('18', '水果不足+糖尿病', '糖尿病人是可以吃水果的，第一要选择低糖的水果如梨、青瓜、苹果、橙子、柚子、桃、橘子等，第二要在两餐之间食用，并且适当减少主食的摄入量。', '5', '0', '22');
INSERT INTO `sys_intervene_analysis` VALUES ('19', '水果超标', '长期用水果当正餐，肯定会引起蛋白质和铁的摄入不足，从而引起贫血、免疫功能降低等现象，损害健康得不偿失，所以水果只能是我们饮食中的“配角”。', '5', '2', '0');
INSERT INTO `sys_intervene_analysis` VALUES ('20', '水果正常', '您的摄入量正常，请保持。', '5', '1', '0');
INSERT INTO `sys_intervene_analysis` VALUES ('21', '乳豆不足', '乳类及豆制品可提供人体所必需的蛋白质、B族维生素、以及丰富的钙质。牛奶或其他奶制品的食用，对骨健康、防治中风、心血管疾病、肠癌颇有益处，每天一杯奶身体更健康。', '4', '0', '0');
INSERT INTO `sys_intervene_analysis` VALUES ('22', '乳豆超标', '据研究发现，大量饮用牛奶可能会增加前列腺癌、帕金森等疾病的发病风险，而且还会加重胃肠负担。每天一杯奶对您身体更健康。', '4', '2', '0');
INSERT INTO `sys_intervene_analysis` VALUES ('23', '乳豆正常', '您的摄入量正常，请保持。', '4', '1', '0');
INSERT INTO `sys_intervene_analysis` VALUES ('24', '油脂不足', '油脂的主要作用是贮存和供应热量，为人体提供能量。若长期油脂摄入不足，人会消瘦、体抗力下降，而且还会因能量缺乏而产生疾病，所以您需要保证油脂摄入充足。', '6', '0', '0');
INSERT INTO `sys_intervene_analysis` VALUES ('25', '油脂超标', '油脂含脂肪、热量过高，摄入超标时易引起肥胖。若长期油脂摄入超标，就会降低肠胃功能、伤害肝脏、促进衰老以及导致心血管疾病的发生等。所以您需要保证油脂摄入达标。', '6', '2', '0');
INSERT INTO `sys_intervene_analysis` VALUES ('26', '油脂超标+血脂异常', '血脂异常患者要严格限制油脂类食物的摄入，比如坚果、色拉酱、糕点、快餐食品等，经常进食这些食物会导致能量超标，不利于血脂的控制。', '6', '2', '24');
INSERT INTO `sys_intervene_analysis` VALUES ('27', '油脂正常', '您的摄入量正常，请保持。', '6', '1', '0');
INSERT INTO `sys_intervene_analysis` VALUES ('28', '饮水量不足', '水是人体的润滑油，它能使关节、脏器及组织细胞减少相互间的摩擦，保持“和睦相处”的状态。人体在通过水来吸收各种各样营养物质的同时，亦借助它来排泄运送代谢物。每天多喝水，是维持健康的一大良方。', '8', '0', '0');
INSERT INTO `sys_intervene_analysis` VALUES ('29', '饮水量不足+糖尿病', '糖尿病人要多饮水，实际是对体内失水的补充，而且还有改善血液、促进循环、增加代谢及消除酮体等作用，是对人体失水的一种保护性反应。因此糖尿病人不但不能限制饮水，还应适当多喝水。', '8', '0', '22');
INSERT INTO `sys_intervene_analysis` VALUES ('30', '饮水正常', '您的摄入量正常，请保持。', '8', '1', '0');
INSERT INTO `sys_intervene_analysis` VALUES ('31', '食盐超标', '长期食盐摄入超标，会使体内的钠大量积聚，而过多的钠可降低钙在骨骼中的储留，使骨密度下降，并会导致高血压等多种心脑血管疾病。所以您宜清淡饮食，不宜吃太咸。', '7', '2', '0');
INSERT INTO `sys_intervene_analysis` VALUES ('32', '食盐超标+高血压', '经研究表明，盐的摄入与高血压呈正比，即人体摄取盐量越多血压水平就越高，日均摄盐量每增加1克，平均血压上升2毫米汞柱，低压上升1.7毫米汞柱。所以建议高血压患者每日摄盐量小于6克。', '7', '2', '27');
INSERT INTO `sys_intervene_analysis` VALUES ('33', '食盐正常', '您的摄入量正常，请保持。', '7', '1', '0');
INSERT INTO `sys_intervene_analysis` VALUES ('34', '运动不足', '您此阶段运动量不足,需要合理的加强运动。', '10', '0', '0');
INSERT INTO `sys_intervene_analysis` VALUES ('35', '运动达标', '您此阶段运动量合理，请继续保持。', '10', '1', '0');
INSERT INTO `sys_intervene_analysis` VALUES ('36', '运动超标', '您此阶段运动量过大，请适量加餐，以保证充足体力。', '10', '2', '0');
INSERT INTO `sys_intervene_analysis` VALUES ('37', '睡眠不足', '您此阶段睡眠不足,长期的睡眠不足会使身体免疫力下降引发多种疾病，请在晚上10点左右的“最佳入睡时间”上床休息并保证每天睡眠时间大于7小时。', '11', '0', '0');
INSERT INTO `sys_intervene_analysis` VALUES ('38', '睡眠达标', '您此阶段睡眠充足，请继续保持。', '11', '1', '0');
INSERT INTO `sys_intervene_analysis` VALUES ('39', '睡眠过长', '您此阶段睡眠过多，会使神经中枢长期处于抑制状态，起床后往往感到昏沉和无精打采，所以请保证每日7-9小时的睡眠时间即可。', '11', '2', '0');
INSERT INTO `sys_intervene_analysis` VALUES ('40', '收缩压高', '收缩压持续升高的人群，其心血管发病危险是正常人群的2-10倍，血压越高，几率越大。干预治疗可使脑卒中发生危险下降31%。', '12', '2', '0');
INSERT INTO `sys_intervene_analysis` VALUES ('41', '收缩压低', ' 收缩压过低可影响身体各重要脏器的血流灌注，会增加心脑肾等靶器官损害。', '12', '0', '0');
INSERT INTO `sys_intervene_analysis` VALUES ('42', '收缩压正常偏高', '血压处于正常偏高水平如不注意调理，则可能会继续增高，我国10组人群研究表明，收缩压每升高10mmHg，脑卒中发生相对危险增加49%。', '12', '4', '0');
INSERT INTO `sys_intervene_analysis` VALUES ('43', '收缩压正常', '您的收缩压处于正常水平，请继续保持。', '12', '1', '0');
INSERT INTO `sys_intervene_analysis` VALUES ('44', '舒张压高', '舒张压持续升高可增加患脑卒中等心脑血管疾病的几率，血压越高，发病几率越大。', '13', '2', '0');
INSERT INTO `sys_intervene_analysis` VALUES ('45', '舒张压低', '舒张压长期偏低会大大增加老年性痴呆的发生率。', '13', '0', '0');
INSERT INTO `sys_intervene_analysis` VALUES ('46', '舒张压正常偏高', '舒张压处于正常偏高时，应注意监测，防治继续其增高，舒张压每升高5mmHg，脑卒中危险增加46%。', '13', '4', '0');
INSERT INTO `sys_intervene_analysis` VALUES ('47', '舒张压正常', '您的舒张压属于正常，请继续保持。', '13', '1', '0');
INSERT INTO `sys_intervene_analysis` VALUES ('48', '空腹血糖高', '长期血糖增高会使全身各个组织器官发生病变，导致急慢性疾病或并发症的发生。', '14', '2', '0');
INSERT INTO `sys_intervene_analysis` VALUES ('49', '空腹血糖正常偏高', '空腹血糖若持续处于正常偏高范围，则有可能属于糖调节异常，而糖调节异常标志着将来发生大血管病、糖尿病、微血管病,以及肿瘤和痴呆等疾病的危险性增高。', '14', '4', '0');
INSERT INTO `sys_intervene_analysis` VALUES ('50', '空腹血糖低', '血糖低在一定时间内如果不能及时做出正确的诊断和处理,可发生脑水肿，缺血性点状坏死，脑软化，痴呆，昏迷，休克甚至死亡。', '14', '0', '0');
INSERT INTO `sys_intervene_analysis` VALUES ('51', '空腹血糖正常偏低', '空腹血糖处于正常偏低水平，极易出现低血糖，注意定期监测。', '14', '3', '0');
INSERT INTO `sys_intervene_analysis` VALUES ('52', '空腹血糖正常', '您的空腹血糖处于正常范围，请继续保持。', '14', '1', '0');
INSERT INTO `sys_intervene_analysis` VALUES ('53', '餐后血糖高', '长期血糖过高可破坏人体内环境，引起一系列生化病理改变，影响各个脏器的功能。应当在医生的指导下，积极主动地将血糖稳定在正常水平，防止或延缓并发症的发生。', '15', '2', '0');
INSERT INTO `sys_intervene_analysis` VALUES ('54', '餐后血糖正常偏高', '餐后2小时血糖若持续处于正常偏高范围，有发展为糖耐量减低的可能；每年有1.5%-10.0%的糖耐量减低患者发展为2型糖尿病。而生活方式干预3年可使糖耐量减低发展为2型糖尿病的风险下降58%。', '15', '4', '0');
INSERT INTO `sys_intervene_analysis` VALUES ('55', '餐后血糖低', '反复低血糖容易导致记忆力下降，增加老年痴呆的发生几率，同时会减少低血糖的报警症状，从而延误治疗时机。', '15', '0', '0');
INSERT INTO `sys_intervene_analysis` VALUES ('56', '餐后血糖正常偏低', '空腹血糖处于正常偏低水平，极易出现低血糖，注意定期监测。', '15', '3', '0');
INSERT INTO `sys_intervene_analysis` VALUES ('57', '餐后血糖正常', '您的餐后2小时血糖处于正常范围，请继续保持。', '15', '1', '0');
INSERT INTO `sys_intervene_analysis` VALUES ('58', 'BMI肥胖', '肥胖人群患高血压、糖尿病等慢病的风险是体重正常者的3-4倍。其中90%者已经患有高血压等疾病。', '16', '2', '0');
INSERT INTO `sys_intervene_analysis` VALUES ('59', 'BMI超重', '超重人群患高血压的危险是体重正常者的3~4倍，患糖尿病的危险是体重正常者的2~3倍。', '16', '4', '0');
INSERT INTO `sys_intervene_analysis` VALUES ('60', 'BMI消瘦', '体质消瘦多存在营养不良等症，体质消瘦不仅容易疲倦、体力差，而且易造成免疫力下降、耐寒抗病能力弱，易患多种疾病。', '16', '3', '0');
INSERT INTO `sys_intervene_analysis` VALUES ('61', 'BMI正常', '您的体质指数属于正常范围，请继续保持。', '16', '1', '0');

-- ----------------------------
-- Table structure for `sys_intervene_analysis_combine`
-- ----------------------------
DROP TABLE IF EXISTS `sys_intervene_analysis_combine`;
CREATE TABLE `sys_intervene_analysis_combine` (
  `summary_item_id` int(11) NOT NULL,
  `analysis_id` int(11) NOT NULL,
  PRIMARY KEY (`summary_item_id`,`analysis_id`),
  KEY `FKD5DB7CD8C1D1FDBB` (`summary_item_id`) USING BTREE,
  KEY `FKD5DB7CD83EE1EE84` (`analysis_id`) USING BTREE,
  CONSTRAINT `sys_intervene_analysis_combine_ibfk_1` FOREIGN KEY (`analysis_id`) REFERENCES `sys_intervene_analysis` (`id`),
  CONSTRAINT `sys_intervene_analysis_combine_ibfk_2` FOREIGN KEY (`summary_item_id`) REFERENCES `sys_intervene_summary_detail` (`id`)
) ENGINE=InnoDB DEFAULT CHARSET=utf8;

-- ----------------------------
-- Records of sys_intervene_analysis_combine
-- ----------------------------
INSERT INTO `sys_intervene_analysis_combine` VALUES ('1015', '44');
INSERT INTO `sys_intervene_analysis_combine` VALUES ('1015', '45');
INSERT INTO `sys_intervene_analysis_combine` VALUES ('1015', '46');
INSERT INTO `sys_intervene_analysis_combine` VALUES ('1015', '47');
INSERT INTO `sys_intervene_analysis_combine` VALUES ('1016', '28');
INSERT INTO `sys_intervene_analysis_combine` VALUES ('1016', '30');
INSERT INTO `sys_intervene_analysis_combine` VALUES ('1017', '40');
INSERT INTO `sys_intervene_analysis_combine` VALUES ('1017', '41');
INSERT INTO `sys_intervene_analysis_combine` VALUES ('1017', '42');
INSERT INTO `sys_intervene_analysis_combine` VALUES ('1017', '43');
INSERT INTO `sys_intervene_analysis_combine` VALUES ('1018', '37');
INSERT INTO `sys_intervene_analysis_combine` VALUES ('1018', '38');
INSERT INTO `sys_intervene_analysis_combine` VALUES ('1018', '39');
INSERT INTO `sys_intervene_analysis_combine` VALUES ('1019', '58');
INSERT INTO `sys_intervene_analysis_combine` VALUES ('1019', '59');
INSERT INTO `sys_intervene_analysis_combine` VALUES ('1019', '60');
INSERT INTO `sys_intervene_analysis_combine` VALUES ('1019', '61');
INSERT INTO `sys_intervene_analysis_combine` VALUES ('1020', '21');
INSERT INTO `sys_intervene_analysis_combine` VALUES ('1020', '22');
INSERT INTO `sys_intervene_analysis_combine` VALUES ('1020', '23');
INSERT INTO `sys_intervene_analysis_combine` VALUES ('1021', '5');
INSERT INTO `sys_intervene_analysis_combine` VALUES ('1021', '6');
INSERT INTO `sys_intervene_analysis_combine` VALUES ('1021', '8');
INSERT INTO `sys_intervene_analysis_combine` VALUES ('1022', '13');
INSERT INTO `sys_intervene_analysis_combine` VALUES ('1022', '14');
INSERT INTO `sys_intervene_analysis_combine` VALUES ('1022', '16');
INSERT INTO `sys_intervene_analysis_combine` VALUES ('1023', '31');
INSERT INTO `sys_intervene_analysis_combine` VALUES ('1023', '33');
INSERT INTO `sys_intervene_analysis_combine` VALUES ('1024', '1');
INSERT INTO `sys_intervene_analysis_combine` VALUES ('1024', '2');
INSERT INTO `sys_intervene_analysis_combine` VALUES ('1024', '4');
INSERT INTO `sys_intervene_analysis_combine` VALUES ('1025', '24');
INSERT INTO `sys_intervene_analysis_combine` VALUES ('1025', '25');
INSERT INTO `sys_intervene_analysis_combine` VALUES ('1025', '27');
INSERT INTO `sys_intervene_analysis_combine` VALUES ('1026', '17');
INSERT INTO `sys_intervene_analysis_combine` VALUES ('1026', '19');
INSERT INTO `sys_intervene_analysis_combine` VALUES ('1026', '20');
INSERT INTO `sys_intervene_analysis_combine` VALUES ('1027', '9');
INSERT INTO `sys_intervene_analysis_combine` VALUES ('1027', '11');
INSERT INTO `sys_intervene_analysis_combine` VALUES ('1027', '12');
INSERT INTO `sys_intervene_analysis_combine` VALUES ('1028', '34');
INSERT INTO `sys_intervene_analysis_combine` VALUES ('1028', '35');
INSERT INTO `sys_intervene_analysis_combine` VALUES ('1028', '36');
INSERT INTO `sys_intervene_analysis_combine` VALUES ('1029', '37');
INSERT INTO `sys_intervene_analysis_combine` VALUES ('1029', '38');
INSERT INTO `sys_intervene_analysis_combine` VALUES ('1029', '39');
INSERT INTO `sys_intervene_analysis_combine` VALUES ('1030', '28');
INSERT INTO `sys_intervene_analysis_combine` VALUES ('1030', '30');
INSERT INTO `sys_intervene_analysis_combine` VALUES ('1031', '13');
INSERT INTO `sys_intervene_analysis_combine` VALUES ('1031', '14');
INSERT INTO `sys_intervene_analysis_combine` VALUES ('1031', '16');
INSERT INTO `sys_intervene_analysis_combine` VALUES ('1032', '1');
INSERT INTO `sys_intervene_analysis_combine` VALUES ('1032', '2');
INSERT INTO `sys_intervene_analysis_combine` VALUES ('1032', '4');
INSERT INTO `sys_intervene_analysis_combine` VALUES ('1033', '34');
INSERT INTO `sys_intervene_analysis_combine` VALUES ('1033', '35');
INSERT INTO `sys_intervene_analysis_combine` VALUES ('1033', '36');
INSERT INTO `sys_intervene_analysis_combine` VALUES ('1034', '5');
INSERT INTO `sys_intervene_analysis_combine` VALUES ('1034', '6');
INSERT INTO `sys_intervene_analysis_combine` VALUES ('1034', '8');
INSERT INTO `sys_intervene_analysis_combine` VALUES ('1035', '24');
INSERT INTO `sys_intervene_analysis_combine` VALUES ('1035', '25');
INSERT INTO `sys_intervene_analysis_combine` VALUES ('1035', '27');
INSERT INTO `sys_intervene_analysis_combine` VALUES ('1036', '49');
INSERT INTO `sys_intervene_analysis_combine` VALUES ('1036', '50');
INSERT INTO `sys_intervene_analysis_combine` VALUES ('1036', '51');
INSERT INTO `sys_intervene_analysis_combine` VALUES ('1036', '52');
INSERT INTO `sys_intervene_analysis_combine` VALUES ('1037', '21');
INSERT INTO `sys_intervene_analysis_combine` VALUES ('1037', '22');
INSERT INTO `sys_intervene_analysis_combine` VALUES ('1037', '23');
INSERT INTO `sys_intervene_analysis_combine` VALUES ('1038', '53');
INSERT INTO `sys_intervene_analysis_combine` VALUES ('1038', '54');
INSERT INTO `sys_intervene_analysis_combine` VALUES ('1038', '55');
INSERT INTO `sys_intervene_analysis_combine` VALUES ('1038', '56');
INSERT INTO `sys_intervene_analysis_combine` VALUES ('1038', '57');
INSERT INTO `sys_intervene_analysis_combine` VALUES ('1039', '17');
INSERT INTO `sys_intervene_analysis_combine` VALUES ('1039', '19');
INSERT INTO `sys_intervene_analysis_combine` VALUES ('1039', '20');
INSERT INTO `sys_intervene_analysis_combine` VALUES ('1040', '9');
INSERT INTO `sys_intervene_analysis_combine` VALUES ('1040', '11');
INSERT INTO `sys_intervene_analysis_combine` VALUES ('1040', '12');
INSERT INTO `sys_intervene_analysis_combine` VALUES ('1041', '31');
INSERT INTO `sys_intervene_analysis_combine` VALUES ('1041', '33');
INSERT INTO `sys_intervene_analysis_combine` VALUES ('1042', '13');
INSERT INTO `sys_intervene_analysis_combine` VALUES ('1042', '14');
INSERT INTO `sys_intervene_analysis_combine` VALUES ('1042', '16');
INSERT INTO `sys_intervene_analysis_combine` VALUES ('1043', '9');
INSERT INTO `sys_intervene_analysis_combine` VALUES ('1043', '11');
INSERT INTO `sys_intervene_analysis_combine` VALUES ('1043', '12');
INSERT INTO `sys_intervene_analysis_combine` VALUES ('1044', '44');
INSERT INTO `sys_intervene_analysis_combine` VALUES ('1044', '45');
INSERT INTO `sys_intervene_analysis_combine` VALUES ('1044', '46');
INSERT INTO `sys_intervene_analysis_combine` VALUES ('1044', '47');
INSERT INTO `sys_intervene_analysis_combine` VALUES ('1045', '5');
INSERT INTO `sys_intervene_analysis_combine` VALUES ('1045', '6');
INSERT INTO `sys_intervene_analysis_combine` VALUES ('1045', '8');
INSERT INTO `sys_intervene_analysis_combine` VALUES ('1046', '37');
INSERT INTO `sys_intervene_analysis_combine` VALUES ('1046', '38');
INSERT INTO `sys_intervene_analysis_combine` VALUES ('1046', '39');
INSERT INTO `sys_intervene_analysis_combine` VALUES ('1047', '28');
INSERT INTO `sys_intervene_analysis_combine` VALUES ('1047', '30');
INSERT INTO `sys_intervene_analysis_combine` VALUES ('1048', '31');
INSERT INTO `sys_intervene_analysis_combine` VALUES ('1048', '33');
INSERT INTO `sys_intervene_analysis_combine` VALUES ('1049', '21');
INSERT INTO `sys_intervene_analysis_combine` VALUES ('1049', '22');
INSERT INTO `sys_intervene_analysis_combine` VALUES ('1049', '23');
INSERT INTO `sys_intervene_analysis_combine` VALUES ('1050', '58');
INSERT INTO `sys_intervene_analysis_combine` VALUES ('1050', '59');
INSERT INTO `sys_intervene_analysis_combine` VALUES ('1050', '60');
INSERT INTO `sys_intervene_analysis_combine` VALUES ('1050', '61');
INSERT INTO `sys_intervene_analysis_combine` VALUES ('1051', '1');
INSERT INTO `sys_intervene_analysis_combine` VALUES ('1051', '2');
INSERT INTO `sys_intervene_analysis_combine` VALUES ('1051', '4');
INSERT INTO `sys_intervene_analysis_combine` VALUES ('1052', '40');
INSERT INTO `sys_intervene_analysis_combine` VALUES ('1052', '41');
INSERT INTO `sys_intervene_analysis_combine` VALUES ('1052', '42');
INSERT INTO `sys_intervene_analysis_combine` VALUES ('1052', '43');
INSERT INTO `sys_intervene_analysis_combine` VALUES ('1053', '17');
INSERT INTO `sys_intervene_analysis_combine` VALUES ('1053', '19');
INSERT INTO `sys_intervene_analysis_combine` VALUES ('1053', '20');
INSERT INTO `sys_intervene_analysis_combine` VALUES ('1054', '34');
INSERT INTO `sys_intervene_analysis_combine` VALUES ('1054', '35');
INSERT INTO `sys_intervene_analysis_combine` VALUES ('1054', '36');
INSERT INTO `sys_intervene_analysis_combine` VALUES ('1055', '24');
INSERT INTO `sys_intervene_analysis_combine` VALUES ('1055', '25');
INSERT INTO `sys_intervene_analysis_combine` VALUES ('1055', '27');
INSERT INTO `sys_intervene_analysis_combine` VALUES ('1056', '28');
INSERT INTO `sys_intervene_analysis_combine` VALUES ('1056', '30');
INSERT INTO `sys_intervene_analysis_combine` VALUES ('1057', '5');
INSERT INTO `sys_intervene_analysis_combine` VALUES ('1057', '6');
INSERT INTO `sys_intervene_analysis_combine` VALUES ('1057', '8');
INSERT INTO `sys_intervene_analysis_combine` VALUES ('1058', '40');
INSERT INTO `sys_intervene_analysis_combine` VALUES ('1058', '41');
INSERT INTO `sys_intervene_analysis_combine` VALUES ('1058', '42');
INSERT INTO `sys_intervene_analysis_combine` VALUES ('1058', '43');
INSERT INTO `sys_intervene_analysis_combine` VALUES ('1059', '9');
INSERT INTO `sys_intervene_analysis_combine` VALUES ('1059', '11');
INSERT INTO `sys_intervene_analysis_combine` VALUES ('1059', '12');
INSERT INTO `sys_intervene_analysis_combine` VALUES ('1060', '34');
INSERT INTO `sys_intervene_analysis_combine` VALUES ('1060', '35');
INSERT INTO `sys_intervene_analysis_combine` VALUES ('1060', '36');
INSERT INTO `sys_intervene_analysis_combine` VALUES ('1061', '13');
INSERT INTO `sys_intervene_analysis_combine` VALUES ('1061', '14');
INSERT INTO `sys_intervene_analysis_combine` VALUES ('1061', '16');
INSERT INTO `sys_intervene_analysis_combine` VALUES ('1062', '44');
INSERT INTO `sys_intervene_analysis_combine` VALUES ('1062', '45');
INSERT INTO `sys_intervene_analysis_combine` VALUES ('1062', '46');
INSERT INTO `sys_intervene_analysis_combine` VALUES ('1062', '47');
INSERT INTO `sys_intervene_analysis_combine` VALUES ('1063', '21');
INSERT INTO `sys_intervene_analysis_combine` VALUES ('1063', '22');
INSERT INTO `sys_intervene_analysis_combine` VALUES ('1063', '23');
INSERT INTO `sys_intervene_analysis_combine` VALUES ('1064', '1');
INSERT INTO `sys_intervene_analysis_combine` VALUES ('1064', '2');
INSERT INTO `sys_intervene_analysis_combine` VALUES ('1064', '4');
INSERT INTO `sys_intervene_analysis_combine` VALUES ('1065', '37');
INSERT INTO `sys_intervene_analysis_combine` VALUES ('1065', '38');
INSERT INTO `sys_intervene_analysis_combine` VALUES ('1065', '39');
INSERT INTO `sys_intervene_analysis_combine` VALUES ('1066', '31');
INSERT INTO `sys_intervene_analysis_combine` VALUES ('1066', '33');
INSERT INTO `sys_intervene_analysis_combine` VALUES ('1067', '53');
INSERT INTO `sys_intervene_analysis_combine` VALUES ('1067', '54');
INSERT INTO `sys_intervene_analysis_combine` VALUES ('1067', '55');
INSERT INTO `sys_intervene_analysis_combine` VALUES ('1067', '56');
INSERT INTO `sys_intervene_analysis_combine` VALUES ('1067', '57');
INSERT INTO `sys_intervene_analysis_combine` VALUES ('1068', '48');
INSERT INTO `sys_intervene_analysis_combine` VALUES ('1068', '49');
INSERT INTO `sys_intervene_analysis_combine` VALUES ('1068', '50');
INSERT INTO `sys_intervene_analysis_combine` VALUES ('1068', '51');
INSERT INTO `sys_intervene_analysis_combine` VALUES ('1068', '52');
INSERT INTO `sys_intervene_analysis_combine` VALUES ('1069', '24');
INSERT INTO `sys_intervene_analysis_combine` VALUES ('1069', '25');
INSERT INTO `sys_intervene_analysis_combine` VALUES ('1069', '27');
INSERT INTO `sys_intervene_analysis_combine` VALUES ('1070', '17');
INSERT INTO `sys_intervene_analysis_combine` VALUES ('1070', '19');
INSERT INTO `sys_intervene_analysis_combine` VALUES ('1070', '20');
INSERT INTO `sys_intervene_analysis_combine` VALUES ('1071', '1');
INSERT INTO `sys_intervene_analysis_combine` VALUES ('1071', '2');
INSERT INTO `sys_intervene_analysis_combine` VALUES ('1071', '4');
INSERT INTO `sys_intervene_analysis_combine` VALUES ('1072', '9');
INSERT INTO `sys_intervene_analysis_combine` VALUES ('1072', '11');
INSERT INTO `sys_intervene_analysis_combine` VALUES ('1072', '12');
INSERT INTO `sys_intervene_analysis_combine` VALUES ('1073', '31');
INSERT INTO `sys_intervene_analysis_combine` VALUES ('1073', '33');
INSERT INTO `sys_intervene_analysis_combine` VALUES ('1074', '17');
INSERT INTO `sys_intervene_analysis_combine` VALUES ('1074', '19');
INSERT INTO `sys_intervene_analysis_combine` VALUES ('1074', '20');
INSERT INTO `sys_intervene_analysis_combine` VALUES ('1075', '5');
INSERT INTO `sys_intervene_analysis_combine` VALUES ('1075', '6');
INSERT INTO `sys_intervene_analysis_combine` VALUES ('1075', '8');
INSERT INTO `sys_intervene_analysis_combine` VALUES ('1076', '34');
INSERT INTO `sys_intervene_analysis_combine` VALUES ('1076', '35');
INSERT INTO `sys_intervene_analysis_combine` VALUES ('1076', '36');
INSERT INTO `sys_intervene_analysis_combine` VALUES ('1077', '28');
INSERT INTO `sys_intervene_analysis_combine` VALUES ('1077', '30');
INSERT INTO `sys_intervene_analysis_combine` VALUES ('1078', '37');
INSERT INTO `sys_intervene_analysis_combine` VALUES ('1078', '38');
INSERT INTO `sys_intervene_analysis_combine` VALUES ('1078', '39');
INSERT INTO `sys_intervene_analysis_combine` VALUES ('1079', '13');
INSERT INTO `sys_intervene_analysis_combine` VALUES ('1079', '14');
INSERT INTO `sys_intervene_analysis_combine` VALUES ('1079', '16');
INSERT INTO `sys_intervene_analysis_combine` VALUES ('1080', '24');
INSERT INTO `sys_intervene_analysis_combine` VALUES ('1080', '25');
INSERT INTO `sys_intervene_analysis_combine` VALUES ('1080', '27');
INSERT INTO `sys_intervene_analysis_combine` VALUES ('1081', '21');
INSERT INTO `sys_intervene_analysis_combine` VALUES ('1081', '22');
INSERT INTO `sys_intervene_analysis_combine` VALUES ('1081', '23');
INSERT INTO `sys_intervene_analysis_combine` VALUES ('1082', '37');
INSERT INTO `sys_intervene_analysis_combine` VALUES ('1082', '38');
INSERT INTO `sys_intervene_analysis_combine` VALUES ('1082', '39');
INSERT INTO `sys_intervene_analysis_combine` VALUES ('1083', '34');
INSERT INTO `sys_intervene_analysis_combine` VALUES ('1083', '35');
INSERT INTO `sys_intervene_analysis_combine` VALUES ('1083', '36');
INSERT INTO `sys_intervene_analysis_combine` VALUES ('1084', '34');
INSERT INTO `sys_intervene_analysis_combine` VALUES ('1084', '35');
INSERT INTO `sys_intervene_analysis_combine` VALUES ('1084', '36');
INSERT INTO `sys_intervene_analysis_combine` VALUES ('1085', '37');
INSERT INTO `sys_intervene_analysis_combine` VALUES ('1085', '38');
INSERT INTO `sys_intervene_analysis_combine` VALUES ('1085', '39');
INSERT INTO `sys_intervene_analysis_combine` VALUES ('1086', '1');
INSERT INTO `sys_intervene_analysis_combine` VALUES ('1086', '2');
INSERT INTO `sys_intervene_analysis_combine` VALUES ('1086', '4');
INSERT INTO `sys_intervene_analysis_combine` VALUES ('1087', '13');
INSERT INTO `sys_intervene_analysis_combine` VALUES ('1087', '14');
INSERT INTO `sys_intervene_analysis_combine` VALUES ('1087', '16');
INSERT INTO `sys_intervene_analysis_combine` VALUES ('1088', '31');
INSERT INTO `sys_intervene_analysis_combine` VALUES ('1088', '33');
INSERT INTO `sys_intervene_analysis_combine` VALUES ('1089', '44');
INSERT INTO `sys_intervene_analysis_combine` VALUES ('1089', '45');
INSERT INTO `sys_intervene_analysis_combine` VALUES ('1089', '46');
INSERT INTO `sys_intervene_analysis_combine` VALUES ('1089', '47');
INSERT INTO `sys_intervene_analysis_combine` VALUES ('1090', '28');
INSERT INTO `sys_intervene_analysis_combine` VALUES ('1090', '30');
INSERT INTO `sys_intervene_analysis_combine` VALUES ('1091', '24');
INSERT INTO `sys_intervene_analysis_combine` VALUES ('1091', '25');
INSERT INTO `sys_intervene_analysis_combine` VALUES ('1091', '27');
INSERT INTO `sys_intervene_analysis_combine` VALUES ('1092', '40');
INSERT INTO `sys_intervene_analysis_combine` VALUES ('1092', '41');
INSERT INTO `sys_intervene_analysis_combine` VALUES ('1092', '42');
INSERT INTO `sys_intervene_analysis_combine` VALUES ('1092', '43');
INSERT INTO `sys_intervene_analysis_combine` VALUES ('1093', '17');
INSERT INTO `sys_intervene_analysis_combine` VALUES ('1093', '19');
INSERT INTO `sys_intervene_analysis_combine` VALUES ('1093', '20');
INSERT INTO `sys_intervene_analysis_combine` VALUES ('1094', '21');
INSERT INTO `sys_intervene_analysis_combine` VALUES ('1094', '22');
INSERT INTO `sys_intervene_analysis_combine` VALUES ('1094', '23');
INSERT INTO `sys_intervene_analysis_combine` VALUES ('1095', '5');
INSERT INTO `sys_intervene_analysis_combine` VALUES ('1095', '6');
INSERT INTO `sys_intervene_analysis_combine` VALUES ('1095', '8');
INSERT INTO `sys_intervene_analysis_combine` VALUES ('1096', '34');
INSERT INTO `sys_intervene_analysis_combine` VALUES ('1096', '35');
INSERT INTO `sys_intervene_analysis_combine` VALUES ('1096', '36');
INSERT INTO `sys_intervene_analysis_combine` VALUES ('1097', '9');
INSERT INTO `sys_intervene_analysis_combine` VALUES ('1097', '11');
INSERT INTO `sys_intervene_analysis_combine` VALUES ('1097', '12');
INSERT INTO `sys_intervene_analysis_combine` VALUES ('1098', '13');
INSERT INTO `sys_intervene_analysis_combine` VALUES ('1098', '14');
INSERT INTO `sys_intervene_analysis_combine` VALUES ('1098', '16');
INSERT INTO `sys_intervene_analysis_combine` VALUES ('1099', '5');
INSERT INTO `sys_intervene_analysis_combine` VALUES ('1099', '6');
INSERT INTO `sys_intervene_analysis_combine` VALUES ('1099', '8');
INSERT INTO `sys_intervene_analysis_combine` VALUES ('1100', '9');
INSERT INTO `sys_intervene_analysis_combine` VALUES ('1100', '11');
INSERT INTO `sys_intervene_analysis_combine` VALUES ('1100', '12');
INSERT INTO `sys_intervene_analysis_combine` VALUES ('1101', '1');
INSERT INTO `sys_intervene_analysis_combine` VALUES ('1101', '2');
INSERT INTO `sys_intervene_analysis_combine` VALUES ('1101', '4');
INSERT INTO `sys_intervene_analysis_combine` VALUES ('1102', '28');
INSERT INTO `sys_intervene_analysis_combine` VALUES ('1102', '30');
INSERT INTO `sys_intervene_analysis_combine` VALUES ('1103', '24');
INSERT INTO `sys_intervene_analysis_combine` VALUES ('1103', '25');
INSERT INTO `sys_intervene_analysis_combine` VALUES ('1103', '27');
INSERT INTO `sys_intervene_analysis_combine` VALUES ('1104', '17');
INSERT INTO `sys_intervene_analysis_combine` VALUES ('1104', '19');
INSERT INTO `sys_intervene_analysis_combine` VALUES ('1104', '20');
INSERT INTO `sys_intervene_analysis_combine` VALUES ('1105', '21');
INSERT INTO `sys_intervene_analysis_combine` VALUES ('1105', '22');
INSERT INTO `sys_intervene_analysis_combine` VALUES ('1105', '23');
INSERT INTO `sys_intervene_analysis_combine` VALUES ('1106', '31');
INSERT INTO `sys_intervene_analysis_combine` VALUES ('1106', '33');
INSERT INTO `sys_intervene_analysis_combine` VALUES ('1107', '13');
INSERT INTO `sys_intervene_analysis_combine` VALUES ('1107', '14');
INSERT INTO `sys_intervene_analysis_combine` VALUES ('1107', '16');
INSERT INTO `sys_intervene_analysis_combine` VALUES ('1108', '9');
INSERT INTO `sys_intervene_analysis_combine` VALUES ('1108', '11');
INSERT INTO `sys_intervene_analysis_combine` VALUES ('1108', '12');
INSERT INTO `sys_intervene_analysis_combine` VALUES ('1109', '28');
INSERT INTO `sys_intervene_analysis_combine` VALUES ('1109', '30');
INSERT INTO `sys_intervene_analysis_combine` VALUES ('1110', '37');
INSERT INTO `sys_intervene_analysis_combine` VALUES ('1110', '38');
INSERT INTO `sys_intervene_analysis_combine` VALUES ('1110', '39');
INSERT INTO `sys_intervene_analysis_combine` VALUES ('1111', '21');
INSERT INTO `sys_intervene_analysis_combine` VALUES ('1111', '22');
INSERT INTO `sys_intervene_analysis_combine` VALUES ('1111', '23');
INSERT INTO `sys_intervene_analysis_combine` VALUES ('1112', '1');
INSERT INTO `sys_intervene_analysis_combine` VALUES ('1112', '2');
INSERT INTO `sys_intervene_analysis_combine` VALUES ('1112', '4');
INSERT INTO `sys_intervene_analysis_combine` VALUES ('1113', '17');
INSERT INTO `sys_intervene_analysis_combine` VALUES ('1113', '19');
INSERT INTO `sys_intervene_analysis_combine` VALUES ('1113', '20');
INSERT INTO `sys_intervene_analysis_combine` VALUES ('1114', '31');
INSERT INTO `sys_intervene_analysis_combine` VALUES ('1114', '33');
INSERT INTO `sys_intervene_analysis_combine` VALUES ('1115', '24');
INSERT INTO `sys_intervene_analysis_combine` VALUES ('1115', '25');
INSERT INTO `sys_intervene_analysis_combine` VALUES ('1115', '27');
INSERT INTO `sys_intervene_analysis_combine` VALUES ('1116', '5');
INSERT INTO `sys_intervene_analysis_combine` VALUES ('1116', '6');
INSERT INTO `sys_intervene_analysis_combine` VALUES ('1116', '8');
INSERT INTO `sys_intervene_analysis_combine` VALUES ('1117', '58');
INSERT INTO `sys_intervene_analysis_combine` VALUES ('1117', '59');
INSERT INTO `sys_intervene_analysis_combine` VALUES ('1117', '60');
INSERT INTO `sys_intervene_analysis_combine` VALUES ('1117', '61');
INSERT INTO `sys_intervene_analysis_combine` VALUES ('1118', '24');
INSERT INTO `sys_intervene_analysis_combine` VALUES ('1118', '25');
INSERT INTO `sys_intervene_analysis_combine` VALUES ('1118', '27');
INSERT INTO `sys_intervene_analysis_combine` VALUES ('1119', '48');
INSERT INTO `sys_intervene_analysis_combine` VALUES ('1119', '49');
INSERT INTO `sys_intervene_analysis_combine` VALUES ('1119', '50');
INSERT INTO `sys_intervene_analysis_combine` VALUES ('1119', '51');
INSERT INTO `sys_intervene_analysis_combine` VALUES ('1119', '52');
INSERT INTO `sys_intervene_analysis_combine` VALUES ('1120', '21');
INSERT INTO `sys_intervene_analysis_combine` VALUES ('1120', '22');
INSERT INTO `sys_intervene_analysis_combine` VALUES ('1120', '23');
INSERT INTO `sys_intervene_analysis_combine` VALUES ('1121', '28');
INSERT INTO `sys_intervene_analysis_combine` VALUES ('1121', '30');
INSERT INTO `sys_intervene_analysis_combine` VALUES ('1122', '17');
INSERT INTO `sys_intervene_analysis_combine` VALUES ('1122', '19');
INSERT INTO `sys_intervene_analysis_combine` VALUES ('1122', '20');
INSERT INTO `sys_intervene_analysis_combine` VALUES ('1123', '9');
INSERT INTO `sys_intervene_analysis_combine` VALUES ('1123', '11');
INSERT INTO `sys_intervene_analysis_combine` VALUES ('1123', '12');
INSERT INTO `sys_intervene_analysis_combine` VALUES ('1124', '40');
INSERT INTO `sys_intervene_analysis_combine` VALUES ('1124', '41');
INSERT INTO `sys_intervene_analysis_combine` VALUES ('1124', '42');
INSERT INTO `sys_intervene_analysis_combine` VALUES ('1124', '43');
INSERT INTO `sys_intervene_analysis_combine` VALUES ('1125', '37');
INSERT INTO `sys_intervene_analysis_combine` VALUES ('1125', '38');
INSERT INTO `sys_intervene_analysis_combine` VALUES ('1125', '39');
INSERT INTO `sys_intervene_analysis_combine` VALUES ('1126', '31');
INSERT INTO `sys_intervene_analysis_combine` VALUES ('1126', '33');
INSERT INTO `sys_intervene_analysis_combine` VALUES ('1127', '5');
INSERT INTO `sys_intervene_analysis_combine` VALUES ('1127', '6');
INSERT INTO `sys_intervene_analysis_combine` VALUES ('1127', '8');
INSERT INTO `sys_intervene_analysis_combine` VALUES ('1128', '44');
INSERT INTO `sys_intervene_analysis_combine` VALUES ('1128', '45');
INSERT INTO `sys_intervene_analysis_combine` VALUES ('1128', '46');
INSERT INTO `sys_intervene_analysis_combine` VALUES ('1128', '47');
INSERT INTO `sys_intervene_analysis_combine` VALUES ('1129', '13');
INSERT INTO `sys_intervene_analysis_combine` VALUES ('1129', '14');
INSERT INTO `sys_intervene_analysis_combine` VALUES ('1129', '16');
INSERT INTO `sys_intervene_analysis_combine` VALUES ('1130', '1');
INSERT INTO `sys_intervene_analysis_combine` VALUES ('1130', '2');
INSERT INTO `sys_intervene_analysis_combine` VALUES ('1130', '4');
INSERT INTO `sys_intervene_analysis_combine` VALUES ('1131', '37');
INSERT INTO `sys_intervene_analysis_combine` VALUES ('1131', '38');
INSERT INTO `sys_intervene_analysis_combine` VALUES ('1131', '39');
INSERT INTO `sys_intervene_analysis_combine` VALUES ('1132', '37');
INSERT INTO `sys_intervene_analysis_combine` VALUES ('1132', '38');
INSERT INTO `sys_intervene_analysis_combine` VALUES ('1132', '39');
INSERT INTO `sys_intervene_analysis_combine` VALUES ('1133', '44');
INSERT INTO `sys_intervene_analysis_combine` VALUES ('1133', '45');
INSERT INTO `sys_intervene_analysis_combine` VALUES ('1133', '46');
INSERT INTO `sys_intervene_analysis_combine` VALUES ('1133', '47');
INSERT INTO `sys_intervene_analysis_combine` VALUES ('1134', '40');
INSERT INTO `sys_intervene_analysis_combine` VALUES ('1134', '41');
INSERT INTO `sys_intervene_analysis_combine` VALUES ('1134', '42');
INSERT INTO `sys_intervene_analysis_combine` VALUES ('1134', '43');
INSERT INTO `sys_intervene_analysis_combine` VALUES ('1135', '5');
INSERT INTO `sys_intervene_analysis_combine` VALUES ('1135', '6');
INSERT INTO `sys_intervene_analysis_combine` VALUES ('1135', '8');
INSERT INTO `sys_intervene_analysis_combine` VALUES ('1136', '24');
INSERT INTO `sys_intervene_analysis_combine` VALUES ('1136', '25');
INSERT INTO `sys_intervene_analysis_combine` VALUES ('1136', '27');
INSERT INTO `sys_intervene_analysis_combine` VALUES ('1137', '21');
INSERT INTO `sys_intervene_analysis_combine` VALUES ('1137', '22');
INSERT INTO `sys_intervene_analysis_combine` VALUES ('1137', '23');
INSERT INTO `sys_intervene_analysis_combine` VALUES ('1138', '13');
INSERT INTO `sys_intervene_analysis_combine` VALUES ('1138', '14');
INSERT INTO `sys_intervene_analysis_combine` VALUES ('1138', '16');
INSERT INTO `sys_intervene_analysis_combine` VALUES ('1139', '1');
INSERT INTO `sys_intervene_analysis_combine` VALUES ('1139', '2');
INSERT INTO `sys_intervene_analysis_combine` VALUES ('1139', '4');
INSERT INTO `sys_intervene_analysis_combine` VALUES ('1140', '31');
INSERT INTO `sys_intervene_analysis_combine` VALUES ('1140', '33');
INSERT INTO `sys_intervene_analysis_combine` VALUES ('1141', '17');
INSERT INTO `sys_intervene_analysis_combine` VALUES ('1141', '19');
INSERT INTO `sys_intervene_analysis_combine` VALUES ('1141', '20');
INSERT INTO `sys_intervene_analysis_combine` VALUES ('1142', '37');
INSERT INTO `sys_intervene_analysis_combine` VALUES ('1142', '38');
INSERT INTO `sys_intervene_analysis_combine` VALUES ('1142', '39');
INSERT INTO `sys_intervene_analysis_combine` VALUES ('1143', '28');
INSERT INTO `sys_intervene_analysis_combine` VALUES ('1143', '30');
INSERT INTO `sys_intervene_analysis_combine` VALUES ('1144', '9');
INSERT INTO `sys_intervene_analysis_combine` VALUES ('1144', '11');
INSERT INTO `sys_intervene_analysis_combine` VALUES ('1144', '12');
INSERT INTO `sys_intervene_analysis_combine` VALUES ('1145', '37');
INSERT INTO `sys_intervene_analysis_combine` VALUES ('1145', '38');
INSERT INTO `sys_intervene_analysis_combine` VALUES ('1145', '39');
INSERT INTO `sys_intervene_analysis_combine` VALUES ('1146', '9');
INSERT INTO `sys_intervene_analysis_combine` VALUES ('1146', '11');
INSERT INTO `sys_intervene_analysis_combine` VALUES ('1146', '12');
INSERT INTO `sys_intervene_analysis_combine` VALUES ('1147', '21');
INSERT INTO `sys_intervene_analysis_combine` VALUES ('1147', '22');
INSERT INTO `sys_intervene_analysis_combine` VALUES ('1147', '23');
INSERT INTO `sys_intervene_analysis_combine` VALUES ('1148', '37');
INSERT INTO `sys_intervene_analysis_combine` VALUES ('1148', '38');
INSERT INTO `sys_intervene_analysis_combine` VALUES ('1148', '39');
INSERT INTO `sys_intervene_analysis_combine` VALUES ('1149', '5');
INSERT INTO `sys_intervene_analysis_combine` VALUES ('1149', '6');
INSERT INTO `sys_intervene_analysis_combine` VALUES ('1149', '8');
INSERT INTO `sys_intervene_analysis_combine` VALUES ('1150', '28');
INSERT INTO `sys_intervene_analysis_combine` VALUES ('1150', '30');
INSERT INTO `sys_intervene_analysis_combine` VALUES ('1151', '13');
INSERT INTO `sys_intervene_analysis_combine` VALUES ('1151', '14');
INSERT INTO `sys_intervene_analysis_combine` VALUES ('1151', '16');
INSERT INTO `sys_intervene_analysis_combine` VALUES ('1152', '1');
INSERT INTO `sys_intervene_analysis_combine` VALUES ('1152', '2');
INSERT INTO `sys_intervene_analysis_combine` VALUES ('1152', '4');
INSERT INTO `sys_intervene_analysis_combine` VALUES ('1153', '24');
INSERT INTO `sys_intervene_analysis_combine` VALUES ('1153', '25');
INSERT INTO `sys_intervene_analysis_combine` VALUES ('1153', '27');
INSERT INTO `sys_intervene_analysis_combine` VALUES ('1154', '31');
INSERT INTO `sys_intervene_analysis_combine` VALUES ('1154', '33');
INSERT INTO `sys_intervene_analysis_combine` VALUES ('1155', '17');
INSERT INTO `sys_intervene_analysis_combine` VALUES ('1155', '19');
INSERT INTO `sys_intervene_analysis_combine` VALUES ('1155', '20');
INSERT INTO `sys_intervene_analysis_combine` VALUES ('1156', '37');
INSERT INTO `sys_intervene_analysis_combine` VALUES ('1156', '38');
INSERT INTO `sys_intervene_analysis_combine` VALUES ('1156', '39');
INSERT INTO `sys_intervene_analysis_combine` VALUES ('1157', '28');
INSERT INTO `sys_intervene_analysis_combine` VALUES ('1157', '30');
INSERT INTO `sys_intervene_analysis_combine` VALUES ('1158', '31');
INSERT INTO `sys_intervene_analysis_combine` VALUES ('1158', '33');
INSERT INTO `sys_intervene_analysis_combine` VALUES ('1159', '5');
INSERT INTO `sys_intervene_analysis_combine` VALUES ('1159', '6');
INSERT INTO `sys_intervene_analysis_combine` VALUES ('1159', '8');
INSERT INTO `sys_intervene_analysis_combine` VALUES ('1160', '13');
INSERT INTO `sys_intervene_analysis_combine` VALUES ('1160', '14');
INSERT INTO `sys_intervene_analysis_combine` VALUES ('1160', '16');
INSERT INTO `sys_intervene_analysis_combine` VALUES ('1161', '1');
INSERT INTO `sys_intervene_analysis_combine` VALUES ('1161', '2');
INSERT INTO `sys_intervene_analysis_combine` VALUES ('1161', '4');
INSERT INTO `sys_intervene_analysis_combine` VALUES ('1162', '9');
INSERT INTO `sys_intervene_analysis_combine` VALUES ('1162', '11');
INSERT INTO `sys_intervene_analysis_combine` VALUES ('1162', '12');
INSERT INTO `sys_intervene_analysis_combine` VALUES ('1163', '21');
INSERT INTO `sys_intervene_analysis_combine` VALUES ('1163', '22');
INSERT INTO `sys_intervene_analysis_combine` VALUES ('1163', '23');
INSERT INTO `sys_intervene_analysis_combine` VALUES ('1164', '24');
INSERT INTO `sys_intervene_analysis_combine` VALUES ('1164', '25');
INSERT INTO `sys_intervene_analysis_combine` VALUES ('1164', '27');
INSERT INTO `sys_intervene_analysis_combine` VALUES ('1165', '17');
INSERT INTO `sys_intervene_analysis_combine` VALUES ('1165', '19');
INSERT INTO `sys_intervene_analysis_combine` VALUES ('1165', '20');
INSERT INTO `sys_intervene_analysis_combine` VALUES ('1166', '24');
INSERT INTO `sys_intervene_analysis_combine` VALUES ('1166', '25');
INSERT INTO `sys_intervene_analysis_combine` VALUES ('1166', '27');
INSERT INTO `sys_intervene_analysis_combine` VALUES ('1167', '28');
INSERT INTO `sys_intervene_analysis_combine` VALUES ('1167', '30');
INSERT INTO `sys_intervene_analysis_combine` VALUES ('1168', '13');
INSERT INTO `sys_intervene_analysis_combine` VALUES ('1168', '14');
INSERT INTO `sys_intervene_analysis_combine` VALUES ('1168', '16');
INSERT INTO `sys_intervene_analysis_combine` VALUES ('1169', '37');
INSERT INTO `sys_intervene_analysis_combine` VALUES ('1169', '38');
INSERT INTO `sys_intervene_analysis_combine` VALUES ('1169', '39');
INSERT INTO `sys_intervene_analysis_combine` VALUES ('1170', '31');
INSERT INTO `sys_intervene_analysis_combine` VALUES ('1170', '33');
INSERT INTO `sys_intervene_analysis_combine` VALUES ('1171', '17');
INSERT INTO `sys_intervene_analysis_combine` VALUES ('1171', '19');
INSERT INTO `sys_intervene_analysis_combine` VALUES ('1171', '20');
INSERT INTO `sys_intervene_analysis_combine` VALUES ('1172', '5');
INSERT INTO `sys_intervene_analysis_combine` VALUES ('1172', '6');
INSERT INTO `sys_intervene_analysis_combine` VALUES ('1172', '8');
INSERT INTO `sys_intervene_analysis_combine` VALUES ('1173', '21');
INSERT INTO `sys_intervene_analysis_combine` VALUES ('1173', '22');
INSERT INTO `sys_intervene_analysis_combine` VALUES ('1173', '23');
INSERT INTO `sys_intervene_analysis_combine` VALUES ('1174', '9');
INSERT INTO `sys_intervene_analysis_combine` VALUES ('1174', '11');
INSERT INTO `sys_intervene_analysis_combine` VALUES ('1174', '12');
INSERT INTO `sys_intervene_analysis_combine` VALUES ('1175', '34');
INSERT INTO `sys_intervene_analysis_combine` VALUES ('1175', '35');
INSERT INTO `sys_intervene_analysis_combine` VALUES ('1175', '36');
INSERT INTO `sys_intervene_analysis_combine` VALUES ('1176', '1');
INSERT INTO `sys_intervene_analysis_combine` VALUES ('1176', '2');
INSERT INTO `sys_intervene_analysis_combine` VALUES ('1176', '4');
INSERT INTO `sys_intervene_analysis_combine` VALUES ('1177', '1');
INSERT INTO `sys_intervene_analysis_combine` VALUES ('1177', '2');
INSERT INTO `sys_intervene_analysis_combine` VALUES ('1177', '4');
INSERT INTO `sys_intervene_analysis_combine` VALUES ('1178', '31');
INSERT INTO `sys_intervene_analysis_combine` VALUES ('1178', '33');
INSERT INTO `sys_intervene_analysis_combine` VALUES ('1179', '17');
INSERT INTO `sys_intervene_analysis_combine` VALUES ('1179', '19');
INSERT INTO `sys_intervene_analysis_combine` VALUES ('1179', '20');
INSERT INTO `sys_intervene_analysis_combine` VALUES ('1180', '9');
INSERT INTO `sys_intervene_analysis_combine` VALUES ('1180', '11');
INSERT INTO `sys_intervene_analysis_combine` VALUES ('1180', '12');
INSERT INTO `sys_intervene_analysis_combine` VALUES ('1181', '24');
INSERT INTO `sys_intervene_analysis_combine` VALUES ('1181', '25');
INSERT INTO `sys_intervene_analysis_combine` VALUES ('1181', '27');
INSERT INTO `sys_intervene_analysis_combine` VALUES ('1182', '13');
INSERT INTO `sys_intervene_analysis_combine` VALUES ('1182', '14');
INSERT INTO `sys_intervene_analysis_combine` VALUES ('1182', '16');
INSERT INTO `sys_intervene_analysis_combine` VALUES ('1183', '5');
INSERT INTO `sys_intervene_analysis_combine` VALUES ('1183', '6');
INSERT INTO `sys_intervene_analysis_combine` VALUES ('1183', '8');
INSERT INTO `sys_intervene_analysis_combine` VALUES ('1184', '28');
INSERT INTO `sys_intervene_analysis_combine` VALUES ('1184', '30');
INSERT INTO `sys_intervene_analysis_combine` VALUES ('1185', '21');
INSERT INTO `sys_intervene_analysis_combine` VALUES ('1185', '22');
INSERT INTO `sys_intervene_analysis_combine` VALUES ('1185', '23');
INSERT INTO `sys_intervene_analysis_combine` VALUES ('1186', '48');
INSERT INTO `sys_intervene_analysis_combine` VALUES ('1186', '49');
INSERT INTO `sys_intervene_analysis_combine` VALUES ('1186', '50');
INSERT INTO `sys_intervene_analysis_combine` VALUES ('1186', '51');
INSERT INTO `sys_intervene_analysis_combine` VALUES ('1186', '52');
INSERT INTO `sys_intervene_analysis_combine` VALUES ('1187', '48');
INSERT INTO `sys_intervene_analysis_combine` VALUES ('1187', '49');
INSERT INTO `sys_intervene_analysis_combine` VALUES ('1187', '50');
INSERT INTO `sys_intervene_analysis_combine` VALUES ('1187', '51');
INSERT INTO `sys_intervene_analysis_combine` VALUES ('1187', '52');
INSERT INTO `sys_intervene_analysis_combine` VALUES ('1188', '58');
INSERT INTO `sys_intervene_analysis_combine` VALUES ('1188', '59');
INSERT INTO `sys_intervene_analysis_combine` VALUES ('1188', '60');
INSERT INTO `sys_intervene_analysis_combine` VALUES ('1188', '61');
INSERT INTO `sys_intervene_analysis_combine` VALUES ('1189', '1');
INSERT INTO `sys_intervene_analysis_combine` VALUES ('1189', '2');
INSERT INTO `sys_intervene_analysis_combine` VALUES ('1189', '4');
INSERT INTO `sys_intervene_analysis_combine` VALUES ('1190', '31');
INSERT INTO `sys_intervene_analysis_combine` VALUES ('1190', '33');
INSERT INTO `sys_intervene_analysis_combine` VALUES ('1191', '5');
INSERT INTO `sys_intervene_analysis_combine` VALUES ('1191', '6');
INSERT INTO `sys_intervene_analysis_combine` VALUES ('1191', '8');
INSERT INTO `sys_intervene_analysis_combine` VALUES ('1192', '53');
INSERT INTO `sys_intervene_analysis_combine` VALUES ('1192', '54');
INSERT INTO `sys_intervene_analysis_combine` VALUES ('1192', '55');
INSERT INTO `sys_intervene_analysis_combine` VALUES ('1192', '56');
INSERT INTO `sys_intervene_analysis_combine` VALUES ('1192', '57');
INSERT INTO `sys_intervene_analysis_combine` VALUES ('1193', '24');
INSERT INTO `sys_intervene_analysis_combine` VALUES ('1193', '25');
INSERT INTO `sys_intervene_analysis_combine` VALUES ('1193', '27');
INSERT INTO `sys_intervene_analysis_combine` VALUES ('1194', '21');
INSERT INTO `sys_intervene_analysis_combine` VALUES ('1194', '22');
INSERT INTO `sys_intervene_analysis_combine` VALUES ('1194', '23');
INSERT INTO `sys_intervene_analysis_combine` VALUES ('1195', '9');
INSERT INTO `sys_intervene_analysis_combine` VALUES ('1195', '11');
INSERT INTO `sys_intervene_analysis_combine` VALUES ('1195', '12');
INSERT INTO `sys_intervene_analysis_combine` VALUES ('1196', '17');
INSERT INTO `sys_intervene_analysis_combine` VALUES ('1196', '19');
INSERT INTO `sys_intervene_analysis_combine` VALUES ('1196', '20');
INSERT INTO `sys_intervene_analysis_combine` VALUES ('1197', '28');
INSERT INTO `sys_intervene_analysis_combine` VALUES ('1197', '30');
INSERT INTO `sys_intervene_analysis_combine` VALUES ('1198', '13');
INSERT INTO `sys_intervene_analysis_combine` VALUES ('1198', '14');
INSERT INTO `sys_intervene_analysis_combine` VALUES ('1198', '16');
